motif_id	tf_name	tf_class	tf_family	tf_subfamily
AHR_HUMAN.H11MO.0.B	AHR	basic helix-loop-helix (bHLH)	PAS domain factors	Ahr-like factors
AIRE_HUMAN.H11MO.0.C	AIRE	SAND domain factors	AIRE	AIRE
ALX1_HUMAN.H11MO.0.B	ALX1	homeo domain factors		paired-related HD factors	ALX
ANDR_HUMAN.H11MO.0.A	ANDR	nuclear receptors with C4 zinc fingers	steroid hormone receptors (NR3)	GR-like receptors (NR3C)
AP2A_HUMAN.H11MO.0.A	AP2A	basic helix-span-helix (bHSH) factors	AP2
AP2B_HUMAN.H11MO.0.B	AP2B	basic helix-span-helix (bHSH) factors	AP2
AP2C_HUMAN.H11MO.0.A	AP2C	basic helix-span-helix (bHSH) factors	AP2
ARI5B_HUMAN.H11MO.0.C	ARI5B	ARID domain factors	ARID-related factors	ARID5
ARNT_HUMAN.H11MO.0.B	ARNT	basic helix-loop-helix (bHLH) factors	PAS domain factors	Arnt-like factors
ASCL1_HUMAN.H11MO.0.A	ASCL1	basic helix-loop-helix (bHLH) factors	MyoD/ASC-related factors	Achaete-Scute-like factors
M08055_2.00	ASCL1	basic helix-loop-helix (bHLH) factors	MyoD/ASC-related factors	Achaete-Scute-like factors
MA1631.1	ASCL1	basic helix-loop-helix (bHLH) factors	MyoD/ASC-related factors	Achaete-Scute-like factors
ATF1_HUMAN.H11MO.0.B	ATF1	basic leucine zipper (bZIP) factors	CREB-related factors	CREB-like factors
ATF2_HUMAN.H11MO.0.B	ATF2	basic leucine zipper (bZIP) factors	Jun-related factors	ATF-2-like factors
MA1632.1	ATF2	basic leucine zipper (bZIP) factors	Jun-related factors	ATF-2-like factors
ATF3_HUMAN.H11MO.0.A	ATF3	basic leucine zipper (bZIP) factors	Fos-related factors	ATF-3-like factors
M07822_2.00	ATF3	basic leucine zipper (bZIP) factors	Fos-related factors	ATF-3-like factors
M07823_2.00	ATF3	basic leucine zipper (bZIP) factors	Fos-related factors	ATF-3-like factors
M07824_2.00	ATF3	basic leucine zipper (bZIP) factors	Fos-related factors	ATF-3-like factors
M07825_2.00	ATF3	basic leucine zipper (bZIP) factors	Fos-related factors	ATF-3-like factors
M08187_2.00	ATF3	basic leucine zipper (bZIP) factors	Fos-related factors	ATF-3-like factors
M08188_2.00	ATF3	basic leucine zipper (bZIP) factors	Fos-related factors	ATF-3-like factors
ATF4_HUMAN.H11MO.0.A	ATF4	basic leucine zipper (bZIP) factors	ATF-4-related factors	NA
MA0833.2	ATF4	basic leucine zipper (bZIP) factors	ATF-4-related factors	NA
ATF6A_HUMAN.H11MO.0.B	ATF6A	basic leucine zipper (bZIP) factors	CREB-related factors	ATF-6 factors
ATOH1_HUMAN.H11MO.0.B	ATOH1	basic helix-loop-helix (bHLH) factors	Tal-related factors	Neurogenin/Atonal-like factors
BACH1_HUMAN.H11MO.0.A	BACH1	basic leucine zipper (bZIP) factors	Jun-related factors	NF-E2-like factors
M08184_2.00	BACH1	basic leucine zipper (bZIP) factors	Jun-related factors	NF-E2-like factors
M08185_2.00	BACH1	basic leucine zipper (bZIP) factors	Jun-related factors	NF-E2-like factors
M08186_2.00	BACH1	basic leucine zipper (bZIP) factors	Jun-related factors	NF-E2-like factors
BACH2_HUMAN.H11MO.0.A	BACH2	basic leucine zipper (bZIP) factors	Jun-related factors	NF-E2-like factors
M08065_2.00	BACH2	basic leucine zipper (bZIP) factors	Jun-related factors	NF-E2-like factors
BATF_HUMAN.H11MO.0.A	BATF	basic leucine zipper (bZIP) factors	B-ATF-related factors	NA
M07821_2.00	BATF	basic leucine zipper (bZIP) factors	B-ATF-related factors	NA
MA1634.1	BATF	basic leucine zipper (bZIP) factors	B-ATF-related factors	NA
BATF3_HUMAN.H11MO.0.B	BATF3	basic leucine zipper (bZIP) factors	B-ATF-related factors	NA
MA0835.2	BATF3	basic leucine zipper (bZIP) factors	B-ATF-related factors	NA
MA0462.2	BATF::JUN	basic leucine zipper (bZIP) factors	B-ATF-related factors	NA
BC11A_HUMAN.H11MO.0.A	BC11A	C2H2 zinc finger factors	factors with multiple dispersed zinc fingers	BCL11
M07926_2.00		BC11A	C2H2 zinc finger factors	factors with multiple dispersed zinc fingers	BCL11
BCL6_HUMAN.H11MO.0.A	BCL6	C2H2 zinc finger factors	more than 3 adjacent zinc finger factors	BCL6
BHA15_HUMAN.H11MO.0.B	BHA15	basic helix-loop-helix (bHLH) factors	Tal-related factors	Neurogenin/Atonal-like factors
BHE40_HUMAN.H11MO.0.A	BHE40	basic helix-loop-helix (bHLH) factors	Hairy-related factors	Hairy-like factors
MA1635.1	BHLHE22	basic helix-loop-helix (bHLH) factors	Tal-related factors	Neurogenin/Atonal-like factors
M07798_2.00	BHLHE40	basic helix-loop-helix (bHLH) factors	Hairy-related factors	Hairy-like factors
BMAL1_HUMAN.H11MO.0.A	BMAL1	basic helix-loop-helix (bHLH)	PAS domain factors	Arnt-like factors
BRAC_HUMAN.H11MO.0.A	BRAC	T-box factors	Brachyury-related factors	T (Brachyury)
CDX1_HUMAN.H11MO.0.C	CDX1	homeo domain factors	HOX-related factors	CDX (caudal type homeobox)
CDX2_HUMAN.H11MO.0.A	CDX2	homeo domain factors	HOX-related factors	CDX (caudal type homeobox)
M08131_2.00	CDX2	homeo domain factors	HOX-related factors	CDX (caudal type homeobox)
MA0465.2	CDX2	homeo domain factors	HOX-related factors	CDX (caudal type homeobox)
CEBPA_HUMAN.H11MO.0.A	CEBPA	basic leucine zipper (bZIP) factors	C/EBP-related	C/EBP
M08076_2.00	CEBPA	basic leucine zipper (bZIP) factors	C/EBP-related	C/EBP
MA0102.4	CEBPA	basic leucine zipper (bZIP) factors	C/EBP-related	C/EBP
CEBPB_HUMAN.H11MO.0.A	CEBPB	basic leucine zipper (bZIP) factors	C/EBP-related	C/EBP
M07830_2.00	CEBPB	basic leucine zipper (bZIP) factors	C/EBP-related	C/EBP
M07831_2.00	CEBPB	basic leucine zipper (bZIP) factors	C/EBP-related	C/EBP
M07832_2.00	CEBPB	basic leucine zipper (bZIP) factors	C/EBP-related	C/EBP
CEBPD_HUMAN.H11MO.0.C	CEBPD	basic leucine zipper (bZIP) factors	C/EBP-related	C/EBP
MA0836.2	CEBPD	basic leucine zipper (bZIP) factors	C/EBP-related	C/EBP
CEBPE_HUMAN.H11MO.0.A	CEBPE	basic leucine zipper (bZIP) factors	C/EBP-related	C/EBP
CEBPG_HUMAN.H11MO.0.B	CEBPG	basic leucine zipper (bZIP) factors	C/EBP-related	C/EBP
MA1636.1	CEBPG	basic leucine zipper (bZIP) factors	C/EBP-related	C/EBP
CLOCK_HUMAN.H11MO.0.C	CLOCK	basic helix-loop-helix (bHLH) factors	PAS domain factors	Arnt-like factors
COE1_HUMAN.H11MO.0.A	COE1	Rel homology region (RHR) factors	early B-cell factor-related factors	NA	
COT1_HUMAN.H11MO.0.C	COT1	nuclear receptors with C4 zinc fingers	RXR-related receptors (NR2)	COUP-like receptors (NR2F)
COT2_HUMAN.H11MO.0.A	COT2	nuclear receptors with C4 zinc fingers	RXR-related receptors (NR2)	COUP-like receptors (NR2F)
CREB1_HUMAN.H11MO.0.A	CREB1	basic leucine zipper (bZIP) factors	CREB-related factors	CREB-like factors
M08066_2.00	CREB1	basic leucine zipper (bZIP) factors	CREB-related factors	CREB-like factors
MA0018.4	CREB1	basic leucine zipper (bZIP) factors	CREB-related factors	CREB-like factors
CREM_HUMAN.H11MO.0.C	CREM	basic leucine zipper (bZIP) factors	CREB-related factors	CREB-like factors
MA0609.2	CREM	basic leucine zipper (bZIP) factors	CREB-related factors	CREB-like factors
CRX_HUMAN.H11MO.0.B	CRX	homeo domain factors	paired-related HD factors	OTX
CTCF_HUMAN.H11MO.0.A	CTCF	C2H2 zinc finger factors	more than 3 adjacent zinc finger factors	CTCF-like factors
M07862_2.00	CTCF	C2H2 zinc finger factors	more than 3 adjacent zinc finger factors	CTCF-like factors
M07863_2.00	CTCF	C2H2 zinc finger factors	more than 3 adjacent zinc finger factors	CTCF-like factors
M07864_2.00	CTCF	C2H2 zinc finger factors	more than 3 adjacent zinc finger factors	CTCF-like factors
M07865_2.00	CTCF	C2H2 zinc finger factors	more than 3 adjacent zinc finger factors	CTCF-like factors
M07866_2.00	CTCF	C2H2 zinc finger factors	more than 3 adjacent zinc finger factors	CTCF-like factors
M07867_2.00	CTCF	C2H2 zinc finger factors	more than 3 adjacent zinc finger factors	CTCF-like factors
M07868_2.00	CTCF	C2H2 zinc finger factors	more than 3 adjacent zinc finger factors	CTCF-like factors
M07869_2.00	CTCF	C2H2 zinc finger factors	more than 3 adjacent zinc finger factors	CTCF-like factors
M07870_2.00	CTCF	C2H2 zinc finger factors	more than 3 adjacent zinc finger factors	CTCF-like factors
M07871_2.00	CTCF	C2H2 zinc finger factors	more than 3 adjacent zinc finger factors	CTCF-like factors
M07872_2.00	CTCF	C2H2 zinc finger factors	more than 3 adjacent zinc finger factors	CTCF-like factors
M07873_2.00	CTCF	C2H2 zinc finger factors	more than 3 adjacent zinc finger factors	CTCF-like factors
M07874_2.00	CTCF	C2H2 zinc finger factors	more than 3 adjacent zinc finger factors	CTCF-like factors
M07875_2.00	CTCF	C2H2 zinc finger factors	more than 3 adjacent zinc finger factors	CTCF-like factors
M07876_2.00	CTCF	C2H2 zinc finger factors	more than 3 adjacent zinc finger factors	CTCF-like factors
M07877_2.00	CTCF	C2H2 zinc finger factors	more than 3 adjacent zinc finger factors	CTCF-like factors
M07878_2.00	CTCF	C2H2 zinc finger factors	more than 3 adjacent zinc finger factors	CTCF-like factors
M07879_2.00	CTCF	C2H2 zinc finger factors	more than 3 adjacent zinc finger factors	CTCF-like factors
M07880_2.00	CTCF	C2H2 zinc finger factors	more than 3 adjacent zinc finger factors	CTCF-like factors
M07881_2.00	CTCF	C2H2 zinc finger factors	more than 3 adjacent zinc finger factors	CTCF-like factors
M07882_2.00	CTCF	C2H2 zinc finger factors	more than 3 adjacent zinc finger factors	CTCF-like factors
M07883_2.00	CTCF	C2H2 zinc finger factors	more than 3 adjacent zinc finger factors	CTCF-like factors
M07884_2.00	CTCF	C2H2 zinc finger factors	more than 3 adjacent zinc finger factors	CTCF-like factors
M07885_2.00	CTCF	C2H2 zinc finger factors	more than 3 adjacent zinc finger factors	CTCF-like factors
M07886_2.00	CTCF	C2H2 zinc finger factors	more than 3 adjacent zinc finger factors	CTCF-like factors
M07887_2.00	CTCF	C2H2 zinc finger factors	more than 3 adjacent zinc finger factors	CTCF-like factors
M07888_2.00	CTCF	C2H2 zinc finger factors	more than 3 adjacent zinc finger factors	CTCF-like factors
M07889_2.00	CTCF	C2H2 zinc finger factors	more than 3 adjacent zinc finger factors	CTCF-like factors
M07890_2.00	CTCF	C2H2 zinc finger factors	more than 3 adjacent zinc finger factors	CTCF-like factors
M07891_2.00	CTCF	C2H2 zinc finger factors	more than 3 adjacent zinc finger factors	CTCF-like factors
M07892_2.00	CTCF	C2H2 zinc finger factors	more than 3 adjacent zinc finger factors	CTCF-like factors
M07893_2.00	CTCF	C2H2 zinc finger factors	more than 3 adjacent zinc finger factors	CTCF-like factors
M07894_2.00	CTCF	C2H2 zinc finger factors	more than 3 adjacent zinc finger factors	CTCF-like factors
M07895_2.00	CTCF	C2H2 zinc finger factors	more than 3 adjacent zinc finger factors	CTCF-like factors
M07896_2.00	CTCF	C2H2 zinc finger factors	more than 3 adjacent zinc finger factors	CTCF-like factors
M07897_2.00	CTCF	C2H2 zinc finger factors	more than 3 adjacent zinc finger factors	CTCF-like factors
M07898_2.00	CTCF	C2H2 zinc finger factors	more than 3 adjacent zinc finger factors	CTCF-like factors
M07899_2.00	CTCF	C2H2 zinc finger factors	more than 3 adjacent zinc finger factors	CTCF-like factors
M07900_2.00	CTCF	C2H2 zinc finger factors	more than 3 adjacent zinc finger factors	CTCF-like factors
M07901_2.00	CTCF	C2H2 zinc finger factors	more than 3 adjacent zinc finger factors	CTCF-like factors
M07902_2.00	CTCF	C2H2 zinc finger factors	more than 3 adjacent zinc finger factors	CTCF-like factors
M07903_2.00	CTCF	C2H2 zinc finger factors	more than 3 adjacent zinc finger factors	CTCF-like factors
M07904_2.00	CTCF	C2H2 zinc finger factors	more than 3 adjacent zinc finger factors	CTCF-like factors
M07905_2.00	CTCF	C2H2 zinc finger factors	more than 3 adjacent zinc finger factors	CTCF-like factors
M07906_2.00	CTCF	C2H2 zinc finger factors	more than 3 adjacent zinc finger factors	CTCF-like factors
M07907_2.00	CTCF	C2H2 zinc finger factors	more than 3 adjacent zinc finger factors	CTCF-like factors
M07908_2.00	CTCF	C2H2 zinc finger factors	more than 3 adjacent zinc finger factors	CTCF-like factors
M07909_2.00	CTCF	C2H2 zinc finger factors	more than 3 adjacent zinc finger factors	CTCF-like factors
M07910_2.00	CTCF	C2H2 zinc finger factors	more than 3 adjacent zinc finger factors	CTCF-like factors
M07911_2.00	CTCF	C2H2 zinc finger factors	more than 3 adjacent zinc finger factors	CTCF-like factors
M07912_2.00	CTCF	C2H2 zinc finger factors	more than 3 adjacent zinc finger factors	CTCF-like factors
M07913_2.00	CTCF	C2H2 zinc finger factors	more than 3 adjacent zinc finger factors	CTCF-like factors
M07914_2.00	CTCF	C2H2 zinc finger factors	more than 3 adjacent zinc finger factors	CTCF-like factors
M07915_2.00	CTCF	C2H2 zinc finger factors	more than 3 adjacent zinc finger factors	CTCF-like factors
M07916_2.00	CTCF	C2H2 zinc finger factors	more than 3 adjacent zinc finger factors	CTCF-like factors
M07917_2.00	CTCF	C2H2 zinc finger factors	more than 3 adjacent zinc finger factors	CTCF-like factors
M07918_2.00	CTCF	C2H2 zinc finger factors	more than 3 adjacent zinc finger factors	CTCF-like factors
M07919_2.00	CTCF	C2H2 zinc finger factors	more than 3 adjacent zinc finger factors	CTCF-like factors
M07920_2.00	CTCF	C2H2 zinc finger factors	more than 3 adjacent zinc finger factors	CTCF-like factors
M07921_2.00	CTCF	C2H2 zinc finger factors	more than 3 adjacent zinc finger factors	CTCF-like factors
M07922_2.00	CTCF	C2H2 zinc finger factors	more than 3 adjacent zinc finger factors	CTCF-like factors
M07923_2.00	CTCF	C2H2 zinc finger factors	more than 3 adjacent zinc finger factors	CTCF-like factors
M07924_2.00	CTCF	C2H2 zinc finger factors	more than 3 adjacent zinc finger factors	CTCF-like factors
M07925_2.00	CTCF	C2H2 zinc finger factors	more than 3 adjacent zinc finger factors	CTCF-like factors
M08087_2.00	CTCF	C2H2 zinc finger factors	more than 3 adjacent zinc finger factors	CTCF-like factors
M08238_2.00	CTCF	C2H2 zinc finger factors	more than 3 adjacent zinc finger factors	CTCF-like factors
M08289_2.00	CTCF	C2H2 zinc finger factors	more than 3 adjacent zinc finger factors	CTCF-like factors
MA0139.1	CTCF	C2H2 zinc finger factors	more than 3 adjacent zinc finger factors	CTCF-like factors
MA1929.1	CTCF	C2H2 zinc finger factors	more than 3 adjacent zinc finger factors	CTCF-like factors
MA1930.1	CTCF	C2H2 zinc finger factors	more than 3 adjacent zinc finger factors	CTCF-like factors
CTCFL_HUMAN.H11MO.0.A	CTCFL	C2H2 zinc finger factors	more than 3 adjacent zinc finger factors	CTCF-like factors
M07930_2.00	CTCFL	C2H2 zinc finger factors	more than 3 adjacent zinc finger factors	CTCF-like factors
M08089_2.00	CTCFL	C2H2 zinc finger factors	more than 3 adjacent zinc finger factors	CTCF-like factors
MA1102.2	CTCFL	C2H2 zinc finger factors	more than 3 adjacent zinc finger factors	CTCF-like factors
CUX1_HUMAN.H11MO.0.C	CUX1	homeo domain factors	HD-CUT factors	CUX
DBP_HUMAN.H11MO.0.B	DBP	basic leucine zipper (bZIP) factors	C/EBP-related	PAR factors
DLX3_HUMAN.H11MO.0.C	DLX3	homeo domain factors	NK-related factors	DLX
DUX4_HUMAN.H11MO.0.A	DUX4	homeo domain factors	paired-related HD factors	DUX
M08135_2.00	DUX4	homeo domain factors	paired-related HD factors	DUX
MA0468.1	DUX4	homeo domain factors	paired-related HD factors	DUX
E2F1_HUMAN.H11MO.0.A	E2F1	forkhead/winged helix factors	E2F-related factors	E2F
M07938_2.00	E2F1	forkhead/winged helix factors	E2F-related factors	E2F
E2F2_HUMAN.H11MO.0.B	E2F2	forkhead/winged helix factors	E2F-related factors	E2F
E2F3_HUMAN.H11MO.0.A	E2F3	forkhead/winged helix factors	E2F-related factors	E2F
E2F4_HUMAN.H11MO.0.A	E2F4	forkhead/winged helix factors	E2F-related factors	E2F
M07942_2.00	E2F4	forkhead/winged helix factors	E2F-related factors	E2F
M07943_2.00	E2F4	forkhead/winged helix factors	E2F-related factors	E2F
M08109_2.00	E2F4	forkhead/winged helix factors	E2F-related factors	E2F
E2F5_HUMAN.H11MO.0.B	E2F5	forkhead/winged helix factors	E2F-related factors	E2F
E2F6_HUMAN.H11MO.0.A	E2F6	forkhead/winged helix factors	E2F-related factors	E2F
M07939_2.00	E2F6	forkhead/winged helix factors	E2F-related factors	E2F
M07940_2.00	E2F6	forkhead/winged helix factors	E2F-related factors	E2F
M07941_2.00	E2F6	forkhead/winged helix factors	E2F-related factors	E2F
M08107_2.00	E2F6	forkhead/winged helix factors	E2F-related factors	E2F
MA0471.2	E2F6	forkhead/winged helix factors	E2F-related factors	E2F
E2F7_HUMAN.H11MO.0.B	E2F7	forkhead/winged helix factors	E2F-related factors	E2F
MA0154.4	EBF1	Rel homology region (RHR) factors	early B-cell factor-related factors	NA
MA1637.1	EBF3	Rel homology region (RHR) factors	early B-cell factor-related factors	NA
EGR1_HUMAN.H11MO.0.A	EGR1	C2H2 zinc finger factors	three-zinc finger Krüppel-related factors	EGR factors
M07927_2.00	EGR1	C2H2 zinc finger factors	three-zinc finger Krüppel-related factors	EGR factors
M07928_2.00	EGR1	C2H2 zinc finger factors	three-zinc finger Krüppel-related factors	EGR factors
M07929_2.00	EGR1	C2H2 zinc finger factors	three-zinc finger Krüppel-related factors	EGR factors
MA0162.4	EGR1	C2H2 zinc finger factors	three-zinc finger Krüppel-related factors	EGR factors
EGR2_HUMAN.H11MO.0.A	EGR2	C2H2 zinc finger factors	three-zinc finger Krüppel-related factors	EGR factors
M08302_2.00	EGR2	C2H2 zinc finger factors	three-zinc finger Krüppel-related factors	EGR factors
M08349_2.00	EGR3	C2H2 zinc finger factors	three-zinc finger Krüppel-related factors	EGR factors
EHF_HUMAN.H11MO.0.B	EHF	tryptophan cluster factors	Ets-related factors	EHF-like factors
MA0598.3	EHF	tryptophan cluster factors	Ets-related factors	EHF-like factors
ELF1_HUMAN.H11MO.0.A	ELF1	tryptophan cluster factors	Ets-related factors	Elf-1-like factors
M07947_2.00	ELF1	tryptophan cluster factors	Ets-related factors	Elf-1-like factors
M07948_2.00	ELF1	tryptophan cluster factors	Ets-related factors	Elf-1-like factors
M07949_2.00	ELF1	tryptophan cluster factors	Ets-related factors	Elf-1-like factors
M08198_2.00	ELF1	tryptophan cluster factors	Ets-related factors	Elf-1-like factors
MA0473.3	ELF1	tryptophan cluster factors	Ets-related factors	Elf-1-like factors
ELF2_HUMAN.H11MO.0.C	ELF2	tryptophan cluster factors	Ets-related factors	Elf-1-like factors
ELF3_HUMAN.H11MO.0.A	ELF3	tryptophan cluster factors	Ets-related factors	EHF-like factors
MA0640.2	ELF3	tryptophan cluster factors	Ets-related factors	EHF-like factors
ELF5_HUMAN.H11MO.0.A	ELF5	tryptophan cluster factors	Ets-related factors	EHF-like factors
ELK1_HUMAN.H11MO.0.B	ELK1	tryptophan cluster factors	Ets-related factors	Elk-like factors
ELK4_HUMAN.H11MO.0.A	ELK4	tryptophan cluster factors	Ets-related factors	Elk-like factors
M07957_2.00	ELK4	tryptophan cluster factors	Ets-related factors	Elk-like factors
M07958_2.00	ELK4	tryptophan cluster factors	Ets-related factors	Elk-like factors
M08112_2.00	ELK4	tryptophan cluster factors	Ets-related factors	Elk-like factors
MA0076.2	ELK4	tryptophan cluster factors	Ets-related factors	Elk-like factors
EPAS1_HUMAN.H11MO.0.B	EPAS1	basic helix-loop-helix (bHLH)	PAS domain factors	Ahr-like factors
ERG_HUMAN.H11MO.0.A	ERG	tryptophan cluster factors	Ets-related factors	Ets-like factors
ERR1_HUMAN.H11MO.0.A	ERR1	nuclear receptors with C4 zinc fingers	steroid hormone receptors (NR3)	ER-like receptors (NR3A&B)
ERR2_HUMAN.H11MO.0.A	ERR2	nuclear receptors with C4 zinc fingers	steroid hormone receptors (NR3)	ER-like receptors (NR3A&B)
ERR3_HUMAN.H11MO.0.B	ERR3	nuclear receptors with C4 zinc fingers	steroid hormone receptors (NR3)	ER-like receptors (NR3A&B)
ESR1_HUMAN.H11MO.0.A	ESR1	nuclear receptors with C4 zinc fingers	steroid hormone receptors (NR3)	ER-like receptors (NR3A&B)
M07985_2.00	ESR1	nuclear receptors with C4 zinc fingers	steroid hormone receptors (NR3)	ER-like receptors (NR3A&B)
M08217_2.00	ESR1	nuclear receptors with C4 zinc fingers	steroid hormone receptors (NR3)	ER-like receptors (NR3A&B)
M08218_2.00	ESR1	nuclear receptors with C4 zinc fingers	steroid hormone receptors (NR3)	ER-like receptors (NR3A&B)
ESR2_HUMAN.H11MO.0.A	ESR2	nuclear receptors with C4 zinc fingers	steroid hormone receptors (NR3)	ER-like receptors (NR3A&B)
M08154_2.00	ESR2	nuclear receptors with C4 zinc fingers	steroid hormone receptors (NR3)	ER-like receptors (NR3A&B)
MA0258.2	ESR2	nuclear receptors with C4 zinc fingers	steroid hormone receptors (NR3)	ER-like receptors (NR3A&B)
M07988_2.00	ESRRA	nuclear receptors with C4 zinc fingers	steroid hormone receptors (NR3)	ER-like receptors (NR3A&B)
M07989_2.00	ESRRA	nuclear receptors with C4 zinc fingers	steroid hormone receptors (NR3)	ER-like receptors (NR3A&B)
MA0592.3	ESRRA	nuclear receptors with C4 zinc fingers	steroid hormone receptors (NR3)	ER-like receptors (NR3A&B)
ETS1_HUMAN.H11MO.0.A	ETS1	tryptophan cluster factors	Ets-related factors	Ets-like factors
M07950_2.00	ETS1	tryptophan cluster factors	Ets-related factors	Ets-like factors
M07951_2.00	ETS1	tryptophan cluster factors	Ets-related factors	Ets-like factors
ETS2_HUMAN.H11MO.0.B	ETS2	tryptophan cluster factors	Ets-related factors	Ets-like factors
ETV1_HUMAN.H11MO.0.A	ETV1	tryptophan cluster factors	Ets-related factors	Elk-like factors
MA0761.2	ETV1	tryptophan cluster factors	Ets-related factors	Elk-like factors
ETV2_HUMAN.H11MO.0.B	ETV2	tryptophan cluster factors	Ets-related factors	Ets-like factors
ETV4_HUMAN.H11MO.0.B	ETV4	tryptophan cluster factors	Ets-related factors	Elk-like factors
ETV5_HUMAN.H11MO.0.C	ETV5	tryptophan cluster factors	Ets-related factors	Elk-like factors
EVI1_HUMAN.H11MO.0.B	EVI1	C2H2 zinc finger factors	factors with multiple dispersed zinc fingers	Evi-1-like factors
MA0149.1	EWSR1-FLI1	tryptophan cluster factors	Ets-related factors	Ets-like factors
FEV_HUMAN.H11MO.0.B	FEV	tryptophan cluster factors	Ets-related factors	Ets-like factors
FEZF1_HUMAN.H11MO.0.C	FEZF1	C2H2 zinc finger factors	more than 3 adjacent zinc finger factors	FEZF factors
M08307_2.00	FEZF1	C2H2 zinc finger factors	more than 3 adjacent zinc finger factors	FEZF factors
FLI1_HUMAN.H11MO.0.A	FLI1	tryptophan cluster factors	Ets-related factors	Ets-like factors
M08111_2.00	FLI1	tryptophan cluster factors	Ets-related factors	Ets-like factors
FOS_HUMAN.H11MO.0.A	FOS	basic leucine zipper (bZIP) factors	Fos-related factors	Fos factors
M07826_2.00	FOS	basic leucine zipper (bZIP) factors	Fos-related factors	Fos factors
M07827_2.00	FOS	basic leucine zipper (bZIP) factors	Fos-related factors	Fos factors
M07828_2.00	FOS	basic leucine zipper (bZIP) factors	Fos-related factors	Fos factors
M08069_2.00	FOS	basic leucine zipper (bZIP) factors	Fos-related factors	Fos factors
MA0476.1	FOS	basic leucine zipper (bZIP) factors	Fos-related factors	Fos factors
FOSB_HUMAN.H11MO.0.A	FOSB	basic leucine zipper (bZIP) factors	Fos-related factors	Fos factors
FOSL1_HUMAN.H11MO.0.A	FOSL1	basic leucine zipper (bZIP) factors	Fos-related factors	Fos factors
M07833_2.00	FOSL1	basic leucine zipper (bZIP) factors	Fos-related factors	Fos factors
M08071_2.00	FOSL1	basic leucine zipper (bZIP) factors	Fos-related factors	Fos factors
MA0477.2	FOSL1	basic leucine zipper (bZIP) factors	Fos-related factors	Fos factors
FOSL2_HUMAN.H11MO.0.A	FOSL2	basic leucine zipper (bZIP) factors	Fos-related factors	Fos factors
M07812_2.00	FOSL2	basic leucine zipper (bZIP) factors	Fos-related factors	Fos factors
M08064_2.00	FOSL2	basic leucine zipper (bZIP) factors	Fos-related factors	Fos factors
MA0478.1	FOSL2	basic leucine zipper (bZIP) factors	Fos-related factors	Fos factors
FOXA1_HUMAN.H11MO.0.A	FOXA1	forkhead/winged helix factors	forkhead box (FOX) factors	FOXA
M07960_2.00	FOXA1	forkhead/winged helix factors	forkhead box (FOX) factors	FOXA
M07961_2.00	FOXA1	forkhead/winged helix factors	forkhead box (FOX) factors	FOXA
M07962_2.00	FOXA1	forkhead/winged helix factors	forkhead box (FOX) factors	FOXA
M08028_2.00	FOXA1	forkhead/winged helix factors	forkhead box (FOX) factors	FOXA
M08117_2.00	FOXA1	forkhead/winged helix factors	forkhead box (FOX) factors	FOXA
M08199_2.00	FOXA1	forkhead/winged helix factors	forkhead box (FOX) factors	FOXA
MA0148.4	FOXA1	forkhead/winged helix factors	forkhead box (FOX) factors	FOXA
FOXA2_HUMAN.H11MO.0.A	FOXA2	forkhead/winged helix factors	forkhead box (FOX) factors	FOXA
M07959_2.00	FOXA2	forkhead/winged helix factors	forkhead box (FOX) factors	FOXA
MA0047.3	FOXA2	forkhead/winged helix factors	forkhead box (FOX) factors	FOXA
FOXA3_HUMAN.H11MO.0.B	FOXA3	forkhead/winged helix factors	forkhead box (FOX) factors	FOXA
MA1683.1	FOXA3	forkhead/winged helix factors	forkhead box (FOX) factors	FOXA
FOXC1_HUMAN.H11MO.0.C	FOXC1	forkhead/winged helix factors	forkhead box (FOX) factors	FOXC
FOXH1_HUMAN.H11MO.0.A	FOXH1	forkhead/winged helix factors	forkhead box (FOX) factors	FOXH
M08119_2.00	FOXH1	forkhead/winged helix factors	forkhead box (FOX) factors	FOXH
MA0479.1	FOXH1	forkhead/winged helix factors	forkhead box (FOX) factors	FOXH
FOXI1_HUMAN.H11MO.0.B	FOXI1	forkhead/winged helix factors	forkhead box (FOX) factors	FOXI
FOXJ2_HUMAN.H11MO.0.C	FOXJ2	forkhead/winged helix factors	forkhead box (FOX) factors	FOXJ
FOXJ3_HUMAN.H11MO.0.A	FOXJ3	forkhead/winged helix factors	forkhead box (FOX) factors	FOXJ
FOXK1_HUMAN.H11MO.0.A	FOXK1	forkhead/winged helix factors	forkhead box (FOX) factors	FOXK
M08120_2.00	FOXK1	forkhead/winged helix factors	forkhead box (FOX) factors	FOXK
MA0852.2	FOXK1	forkhead/winged helix factors	forkhead box (FOX) factors	FOXK
M08118_2.00	FOXK2	forkhead/winged helix factors	forkhead box (FOX) factors	FOXK
MA1103.2	FOXK2	forkhead/winged helix factors	forkhead box (FOX) factors	FOXK
FOXM1_HUMAN.H11MO.0.A	FOXM1	forkhead/winged helix factors	forkhead box (FOX) factors	FOXM
FOXO1_HUMAN.H11MO.0.A	FOXO1	forkhead/winged helix factors	forkhead box (FOX) factors	FOXO
FOXO3_HUMAN.H11MO.0.B	FOXO3	forkhead/winged helix factors	forkhead box (FOX) factors	FOXO
FOXO4_HUMAN.H11MO.0.C	FOXO4	forkhead/winged helix factors	forkhead box (FOX) factors	FOXO
FOXP1_HUMAN.H11MO.0.A	FOXP1	forkhead/winged helix factors	forkhead box (FOX) factors	FOXP
M08115_2.00	FOXP1	forkhead/winged helix factors	forkhead box (FOX) factors	FOXP
MA0481.3	FOXP1	forkhead/winged helix factors	forkhead box (FOX) factors	FOXP
FOXP2_HUMAN.H11MO.0.C	FOXP2	forkhead/winged helix factors	forkhead box (FOX) factors	FOXP
M08116_2.00	FOXP2	forkhead/winged helix factors	forkhead box (FOX) factors	FOXP
MA0593.1	FOXP2	forkhead/winged helix factors	forkhead box (FOX) factors	FOXP
FOXQ1_HUMAN.H11MO.0.C	FOXQ1	forkhead/winged helix factors	forkhead box (FOX) factors	FOXQ
GABPA_HUMAN.H11MO.0.A	GABPA	tryptophan cluster factors	Ets-related factors	Ets-like factors
M07952_2.00	GABPA	tryptophan cluster factors	Ets-related factors	Ets-like factors
M07953_2.00	GABPA	tryptophan cluster factors	Ets-related factors	Ets-like factors
M07954_2.00	GABPA	tryptophan cluster factors	Ets-related factors	Ets-like factors
M07955_2.00	GABPA	tryptophan cluster factors	Ets-related factors	Ets-like factors
M07956_2.00	GABPA	tryptophan cluster factors	Ets-related factors	Ets-like factors
MA0062.3	GABPA	tryptophan cluster factors	Ets-related factors	Ets-like factors
GATA1_HUMAN.H11MO.0.A	GATA1	other C4 zinc finger-type factors	GATA-type zinc fingers	two zinc-finger GATA factors
M07963_2.00	GATA1	other C4 zinc finger-type factors	GATA-type zinc fingers	two zinc-finger GATA factors
M07964_2.00	GATA1	other C4 zinc finger-type factors	GATA-type zinc fingers	two zinc-finger GATA factors
M08202_2.00	GATA1	other C4 zinc finger-type factors	GATA-type zinc fingers	two zinc-finger GATA factors
M08203_2.00	GATA1	other C4 zinc finger-type factors	GATA-type zinc fingers	two zinc-finger GATA factors
MA0035.4	GATA1	other C4 zinc finger-type factors	GATA-type zinc fingers	two zinc-finger GATA factors
MA0140.2	GATA1::TAL1	other C4 zinc finger-type factors	GATA-type zinc fingers	two zinc-finger GATA factors
GATA2_HUMAN.H11MO.0.A	GATA2	other C4 zinc finger-type factors	GATA-type zinc fingers	two zinc-finger GATA factors
M07966_2.00	GATA2	other C4 zinc finger-type factors	GATA-type zinc fingers	two zinc-finger GATA factors
M07967_2.00	GATA2	other C4 zinc finger-type factors	GATA-type zinc fingers	two zinc-finger GATA factors
M07968_2.00	GATA2	other C4 zinc finger-type factors	GATA-type zinc fingers	two zinc-finger GATA factors
M07969_2.00	GATA2	other C4 zinc finger-type factors	GATA-type zinc fingers	two zinc-finger GATA factors
M07970_2.00	GATA2	other C4 zinc finger-type factors	GATA-type zinc fingers	two zinc-finger GATA factors
M08125_2.00	GATA2	other C4 zinc finger-type factors	GATA-type zinc fingers	two zinc-finger GATA factors
MA0036.3	GATA2	other C4 zinc finger-type factors	GATA-type zinc fingers	two zinc-finger GATA factors
GATA3_HUMAN.H11MO.0.A	GATA3	other C4 zinc finger-type factors	GATA-type zinc fingers	two zinc-finger GATA factors
M07965_2.00	GATA3	other C4 zinc finger-type factors	GATA-type zinc fingers	two zinc-finger GATA factors
GATA4_HUMAN.H11MO.0.A	GATA4	other C4 zinc finger-type factors	GATA-type zinc fingers	two zinc-finger GATA factors
MA0482.2	GATA4	other C4 zinc finger-type factors	GATA-type zinc fingers	two zinc-finger GATA factors
GATA6_HUMAN.H11MO.0.A	GATA6	other C4 zinc finger-type factors	GATA-type zinc fingers	two zinc-finger GATA factors
M08124_2.00	GATA6	other C4 zinc finger-type factors	GATA-type zinc fingers	two zinc-finger GATA factors
MA1104.2	GATA6	other C4 zinc finger-type factors	GATA-type zinc fingers	two zinc-finger GATA factors
GCR_HUMAN.H11MO.0.A	GCR	nuclear receptors with C4 zinc fingers	steroid hormone receptors (NR3)	GR-like receptors (NR3C)
GFI1_HUMAN.H11MO.0.C	GFI1	C2H2 zinc finger factors	more than 3 adjacent zinc finger factors	GFI1 factors
GFI1B_HUMAN.H11MO.0.A	GFI1B	C2H2 zinc finger factors	more than 3 adjacent zinc finger factors	GFI1 factors
GLI3_HUMAN.H11MO.0.B	GLI3	C2H2 zinc finger factors	more than 3 adjacent zinc finger factors	GLI-like factors
M08394_2.00	GLI4	C2H2 zinc finger factors	more than 3 adjacent zinc finger factors	ZNF24-like factors
M08345_2.00	GLIS1	C2H2 zinc finger factors	more than 3 adjacent zinc finger factors	GLI-like factors
GRHL2_HUMAN.H11MO.0.A	GRHL2	Grainyhead domain factors	Grainyhead-related factors	GRH-like proteins
M08129_2.00	GRHL2	Grainyhead domain factors	Grainyhead-related factors	GRH-like proteins
MA1105.2	GRHL2	Grainyhead domain factors	Grainyhead-related factors	GRH-like proteins
M08301_2.00	GTF3A	C2H2 zinc finger factors	more than 3 adjacent zinc finger factors	unclassified
MA1638.1	HAND2	basic helix-loop-helix (bHLH) factors	Tal-related factors	Twist-like factors
HEN1_HUMAN.H11MO.0.C	HEN1	basic helix-loop-helix (bHLH) factors	Tal-related factors	Tal/HEN-like factors
HIC1_HUMAN.H11MO.0.C	HIC1	C2H2 zinc finger factors	factors with multiple dispersed zinc fingers	hypermethylated in cancer proteins
HIF1A_HUMAN.H11MO.0.C	HIF1A	basic helix-loop-helix (bHLH)	PAS domain factors	Ahr-like factors
M08049_2.00	HIF1A	basic helix-loop-helix (bHLH)	PAS domain factors	Ahr-like factors
MA1106.1	HIF1A	basic helix-loop-helix (bHLH)	PAS domain factors	Ahr-like factors
HINFP_HUMAN.H11MO.0.C	HINFP	C2H2 zinc finger factors	factors with multiple dispersed zinc fingers	HINFP-like factors
M07662_2.00	HKR1	C2H2 zinc finger factors	more than 3 adjacent zinc finger factors	ZNF343-like factors
HLF_HUMAN.H11MO.0.C	HLF	basic leucine zipper (bZIP) factors	C/EBP-related	PAR factors
MA0043.3	HLF	basic leucine zipper (bZIP) factors	C/EBP-related	PAR factors
HNF1A_HUMAN.H11MO.0.C	HNF1A	homeo domain factors	POU domain factors	HNF1-like factors
HNF1B_HUMAN.H11MO.0.A	HNF1B	homeo domain factors	POU domain factors	HNF1-like factors
HNF4A_HUMAN.H11MO.0.A	HNF4A	nuclear receptors with C4 zinc fingers	RXR-related receptors (NR2)	HNF-4 (NR2A)
M08219_2.00	HNF4A	nuclear receptors with C4 zinc fingers	RXR-related receptors (NR2)	HNF-4 (NR2A)
M08220_2.00	HNF4A	nuclear receptors with C4 zinc fingers	RXR-related receptors (NR2)	HNF-4 (NR2A)
MA0114.4	HNF4A	nuclear receptors with C4 zinc fingers	RXR-related receptors (NR2)	HNF-4 (NR2A)
HNF4G_HUMAN.H11MO.0.B	HNF4G	nuclear receptors with C4 zinc fingers	RXR-related receptors (NR2)	HNF-4 (NR2A)
M08155_2.00	HNF4G	nuclear receptors with C4 zinc fingers	RXR-related receptors (NR2)	HNF-4 (NR2A)
MA0484.2	HNF4G	nuclear receptors with C4 zinc fingers	RXR-related receptors (NR2)	HNF-4 (NR2A)
HNF6_HUMAN.H11MO.0.B	HNF6	homeo domain factors	HD-CUT factors	ONECUT
MA0901.2	HOXB13	homeo domain factors	HOX-related factors	HOX9-13
HSF1_HUMAN.H11MO.0.A	HSF1	heat shock factors	HSF factors	NA
M07977_2.00	HSF1	heat shock factors	HSF factors	NA
HSF2_HUMAN.H11MO.0.A	HSF2	heat shock factors	HSF factors	NA
HTF4_HUMAN.H11MO.0.A	HTF4	basic helix-loop-helix factors (bHLH)	E2A-related factors	NA
HXA1_HUMAN.H11MO.0.C	HXA1	homeo domain factors	HOX-related factors	HOX1
HXA10_HUMAN.H11MO.0.C	HXA10	homeo domain factors	HOX-related factors	HOX9-13
HXA13_HUMAN.H11MO.0.C	HXA13	homeo domain factors	HOX-related factors	HOX9-13
HXA9_HUMAN.H11MO.0.B	HXA9	homeo domain factors	HOX-related factors	HOX9-13
HXB13_HUMAN.H11MO.0.A	HXB13	homeo domain factors	HOX-related factors	HOX9-13
HXB4_HUMAN.H11MO.0.B	HXB4	homeo domain factors	HOX-related factors	HOX4
HXB7_HUMAN.H11MO.0.C	HXB7	homeo domain factors	HOX-related factors	HOX6-7
HXB8_HUMAN.H11MO.0.C	HXB8	homeo domain factors	HOX-related factors	HOX8
HXC9_HUMAN.H11MO.0.C	HXC9	homeo domain factors	HOX-related factors	HOX9-13
IKZF1_HUMAN.H11MO.0.C	IKZF1	C2H2 zinc finger factors	factors with multiple dispersed zinc fingers	Ikaros
MA1508.1	IKZF1	C2H2 zinc finger factors	factors with multiple dispersed zinc fingers	Ikaros
M08320_2.00	IKZF3	C2H2 zinc finger factors	factors with multiple dispersed zinc fingers	Ikaros
INSM1_HUMAN.H11MO.0.C	INSM1	C2H2 zinc finger factors	factors with multiple dispersed zinc fingers	insulinoma-associated proteins
IRF1_HUMAN.H11MO.0.A	IRF1	tryptophan cluster factors	interferon-regulatory factors	NA
M08142_2.00	IRF1	tryptophan cluster factors	interferon-regulatory factors	NA
IRF2_HUMAN.H11MO.0.A	IRF2	tryptophan cluster factors	interferon-regulatory factors	NA
IRF3_HUMAN.H11MO.0.B	IRF3	tryptophan cluster factors	interferon-regulatory factors	NA
IRF4_HUMAN.H11MO.0.A	IRF4	tryptophan cluster factors	interferon-regulatory factors	NA
M07978_2.00	IRF4	tryptophan cluster factors	interferon-regulatory factors	NA
IRF7_HUMAN.H11MO.0.C	IRF7	tryptophan cluster factors	interferon-regulatory factors	NA
IRF8_HUMAN.H11MO.0.B	IRF8	tryptophan cluster factors	interferon-regulatory factors	NA
IRF9_HUMAN.H11MO.0.C	IRF9	tryptophan cluster factors	interferon-regulatory factors	NA
ISL1_HUMAN.H11MO.0.A	ISL1	homeo domain factors		HD-LIM factors	ISL
ITF2_HUMAN.H11MO.0.C	ITF2	basic helix-loop-helix factors (bHLH)	E2A-related factors	NA
JUN_HUMAN.H11MO.0.A	JUN	basic leucine zipper (bZIP) factors	Jun-related factors	Jun factors
M07834_2.00	JUN	basic leucine zipper (bZIP) factors	Jun-related factors	Jun factors
M07835_2.00	JUN	basic leucine zipper (bZIP) factors	Jun-related factors	Jun factors
M07836_2.00	JUN	basic leucine zipper (bZIP) factors	Jun-related factors	Jun factors
M07837_2.00	JUN	basic leucine zipper (bZIP) factors	Jun-related factors	Jun factors
M07838_2.00	JUN	basic leucine zipper (bZIP) factors	Jun-related factors	Jun factors
M08072_2.00	JUN	basic leucine zipper (bZIP) factors	Jun-related factors	Jun factors
M08073_2.00	JUN	basic leucine zipper (bZIP) factors	Jun-related factors	Jun factors
MA0488.1	JUN	basic leucine zipper (bZIP) factors	Jun-related factors	Jun factors
JUNB_HUMAN.H11MO.0.A	JUNB	basic leucine zipper (bZIP) factors	Jun-related factors	Jun factors
M07829_2.00	JUNB	basic leucine zipper (bZIP) factors	Jun-related factors	Jun factors
M08070_2.00	JUNB	basic leucine zipper (bZIP) factors	Jun-related factors	Jun factors
MA0490.2	JUNB	basic leucine zipper (bZIP) factors	Jun-related factors	Jun factors
JUND_HUMAN.H11MO.0.A	JUND	basic leucine zipper (bZIP) factors	Jun-related factors	Jun factors
M07814_2.00	JUND	basic leucine zipper (bZIP) factors	Jun-related factors	Jun factors
M07815_2.00	JUND	basic leucine zipper (bZIP) factors	Jun-related factors	Jun factors
M07816_2.00	JUND	basic leucine zipper (bZIP) factors	Jun-related factors	Jun factors
M07817_2.00	JUND	basic leucine zipper (bZIP) factors	Jun-related factors	Jun factors
M07818_2.00	JUND	basic leucine zipper (bZIP) factors	Jun-related factors	Jun factors
M07819_2.00	JUND	basic leucine zipper (bZIP) factors	Jun-related factors	Jun factors
M07820_2.00	JUND	basic leucine zipper (bZIP) factors	Jun-related factors	Jun factors
M08067_2.00	JUND	basic leucine zipper (bZIP) factors	Jun-related factors	Jun factors
M08068_2.00	JUND	basic leucine zipper (bZIP) factors	Jun-related factors	Jun factors
MA0491.2	JUND	basic leucine zipper (bZIP) factors	Jun-related factors	Jun factors
MA0492.1	JUND	basic leucine zipper (bZIP) factors	Jun-related factors	Jun factors
KAISO_HUMAN.H11MO.0.A	KAISO	C2H2 zinc finger factors	other factors with up to three adjacent zinc fingers	factors with 2-3 adjacent zinc fingers and a BTB/POZ domain
KLF1_HUMAN.H11MO.0.A	KLF1	C2H2 zinc finger factors	three-zinc finger Krüppel-related factors	Krüppel-like factors
M08293_2.00	KLF1	C2H2 zinc finger factors	three-zinc finger Krüppel-related factors	Krüppel-like factors
MA0493.2	KLF1	C2H2 zinc finger factors	three-zinc finger Krüppel-related factors	Krüppel-like factors
M08246_2.00	KLF10	C2H2 zinc finger factors	three-zinc finger Krüppel-related factors	Krüppel-like factors
M08317_2.00	KLF10	C2H2 zinc finger factors	three-zinc finger Krüppel-related factors	Krüppel-like factors
MA1511.2	KLF10	C2H2 zinc finger factors	three-zinc finger Krüppel-related factors	Krüppel-like factors
KLF12_HUMAN.H11MO.0.C	KLF12	C2H2 zinc finger factors	three-zinc finger Krüppel-related factors	Krüppel-like factors
M08299_2.00	KLF12	C2H2 zinc finger factors	three-zinc finger Krüppel-related factors	Krüppel-like factors
MA0742.2	KLF12	C2H2 zinc finger factors	three-zinc finger Krüppel-related factors	Krüppel-like factors
M08398_2.00	KLF14	C2H2 zinc finger factors	three-zinc finger Krüppel-related factors	Krüppel-like factors
MA0740.2	KLF14	C2H2 zinc finger factors	three-zinc finger Krüppel-related factors	Krüppel-like factors
KLF15_HUMAN.H11MO.0.A	KLF15	C2H2 zinc finger factors	three-zinc finger Krüppel-related factors	Krüppel-like factors
M08323_2.00	KLF15	C2H2 zinc finger factors	three-zinc finger Krüppel-related factors	Krüppel-like factors
MA1513.1	KLF15	C2H2 zinc finger factors	three-zinc finger Krüppel-related factors	Krüppel-like factors
KLF3_HUMAN.H11MO.0.B	KLF3	C2H2 zinc finger factors	three-zinc finger Krüppel-related factors	Krüppel-like factors
KLF4_HUMAN.H11MO.0.A	KLF4	C2H2 zinc finger factors	three-zinc finger Krüppel-related factors	Krüppel-like factors
M08091_2.00	KLF4	C2H2 zinc finger factors	three-zinc finger Krüppel-related factors	Krüppel-like factors
M08243_2.00	KLF4	C2H2 zinc finger factors	three-zinc finger Krüppel-related factors	Krüppel-like factors
MA0039.4	KLF4	C2H2 zinc finger factors	three-zinc finger Krüppel-related factors	Krüppel-like factors
KLF5_HUMAN.H11MO.0.A	KLF5	C2H2 zinc finger factors	three-zinc finger Krüppel-related factors	Krüppel-like factors
M08086_2.00	KLF5	C2H2 zinc finger factors	three-zinc finger Krüppel-related factors	Krüppel-like factors
MA0599.1	KLF5	C2H2 zinc finger factors	three-zinc finger Krüppel-related factors	Krüppel-like factors
KLF6_HUMAN.H11MO.0.A	KLF6	C2H2 zinc finger factors	three-zinc finger Krüppel-related factors	Krüppel-like factors
M08298_2.00	KLF7	C2H2 zinc finger factors	three-zinc finger Krüppel-related factors	Krüppel-like factors
MA1959.1	KLF7	C2H2 zinc finger factors	three-zinc finger Krüppel-related factors	Krüppel-like factors
KLF8_HUMAN.H11MO.0.C	KLF8	C2H2 zinc finger factors	three-zinc finger Krüppel-related factors	Krüppel-like factors
KLF9_HUMAN.H11MO.0.C	KLF9	C2H2 zinc finger factors	three-zinc finger Krüppel-related factors	Krüppel-like factors
M08088_2.00	KLF9	C2H2 zinc finger factors	three-zinc finger Krüppel-related factors	Krüppel-like factors
MA1107.2	KLF9	C2H2 zinc finger factors	three-zinc finger Krüppel-related factors	Krüppel-like factors
LEF1_HUMAN.H11MO.0.A	LEF1	high-mobility group (HMG) domain factors	TCF-7-related factors	NA
LHX2_HUMAN.H11MO.0.A	LHX2	homeo domain factors		HD-LIM factors	Lhx-2-like factors
MA0700.2	LHX2	homeo domain factors		HD-LIM factors	Lhx-2-like factors
LHX3_HUMAN.H11MO.0.C	LHX3	homeo domain factors		HD-LIM factors	Lhx-3-like factors
LYL1_HUMAN.H11MO.0.A	LYL1	basic helix-loop-helix (bHLH) factors	Tal-related factors	Tal/HEN-like factors
MAF_HUMAN.H11MO.0.A	MAF	basic leucine zipper factors (bZIP)	Maf-related factors	large Maf factors
MA0501.1	MAF::NFE2	basic leucine zipper factors (bZIP)	Maf-related factors	large Maf factors
MAFB_HUMAN.H11MO.0.B	MAFB	basic leucine zipper factors (bZIP)	Maf-related factors	large Maf factors
M07839_2.00	MAFF	basic leucine zipper factors (bZIP)	Maf-related factors	small Maf factors
M08074_2.00	MAFF	basic leucine zipper factors (bZIP)	Maf-related factors	small Maf factors
MA0495.3	MAFF	basic leucine zipper factors (bZIP)	Maf-related factors	small Maf factors
MAFF_HUMAN.H11MO.0.B	MAFF	basic leucine zipper factors (bZIP)	Maf-related factors	small Maf factors
MAFG_HUMAN.H11MO.0.A	MAFG	basic leucine zipper factors (bZIP)	Maf-related factors	small Maf factors
MA0089.2	MAFG::NFE2L1	basic leucine zipper factors (bZIP)	Maf-related factors	small Maf factors
M07840_2.00	MAFK	basic leucine zipper factors (bZIP)	Maf-related factors	small Maf factors
M07841_2.00	MAFK	basic leucine zipper factors (bZIP)	Maf-related factors	small Maf factors
M08075_2.00	MAFK	basic leucine zipper factors (bZIP)	Maf-related factors	small Maf factors
MA0496.3	MAFK	basic leucine zipper factors (bZIP)	Maf-related factors	small Maf factors
MAFK_HUMAN.H11MO.0.A	MAFK	basic leucine zipper factors (bZIP)	Maf-related factors	small Maf factors
M07791_2.00	MAX	basic helix-loop-helix factors (bHLH)	bHLH-ZIP factors	Myc/Max factors
M07792_2.00	MAX	basic helix-loop-helix factors (bHLH)	bHLH-ZIP factors	Myc/Max factors
M07793_2.00	MAX	basic helix-loop-helix factors (bHLH)	bHLH-ZIP factors	Myc/Max factors
M07794_2.00	MAX	basic helix-loop-helix factors (bHLH)	bHLH-ZIP factors	Myc/Max factors
M07795_2.00	MAX	basic helix-loop-helix factors (bHLH)	bHLH-ZIP factors	Myc/Max factors
M07796_2.00	MAX	basic helix-loop-helix factors (bHLH)	bHLH-ZIP factors	Myc/Max factors
M07797_2.00	MAX	basic helix-loop-helix factors (bHLH)	bHLH-ZIP factors	Myc/Max factors
MAX_HUMAN.H11MO.0.A	MAX	basic helix-loop-helix factors (bHLH)	bHLH-ZIP factors	Myc/Max factors
M08290_2.00	MAZ	C2H2 zinc finger factors	factors with multiple dispersed zinc fingers	MAZ-like factors
MA1522.1	MAZ	C2H2 zinc finger factors	factors with multiple dispersed zinc fingers	MAZ-like factors
MAZ_HUMAN.H11MO.0.A	MAZ	C2H2 zinc finger factors	factors with multiple dispersed zinc fingers	MAZ-like factors
MBD2_HUMAN.H11MO.0.B	MBD2	NA	NA	NA
MECP2_HUMAN.H11MO.0.C	MECP2	NA	NA	NA
M07979_2.00	MEF2A	MADS box factors	regulators of differentiation	MEF-2
M08212_2.00	MEF2A	MADS box factors	regulators of differentiation	MEF-2
M08213_2.00	MEF2A	MADS box factors	regulators of differentiation	MEF-2
MA0052.4	MEF2A	MADS box factors	regulators of differentiation	MEF-2
MEF2A_HUMAN.H11MO.0.A	MEF2A	MADS box factors	regulators of differentiation	MEF-2
MEF2B_HUMAN.H11MO.0.A	MEF2B	MADS box factors	regulators of differentiation	MEF-2
M07980_2.00	MEF2C	MADS box factors	regulators of differentiation	MEF-2
M08149_2.00	MEF2C	MADS box factors	regulators of differentiation	MEF-2
MA0497.1	MEF2C	MADS box factors	regulators of differentiation	MEF-2
MEF2C_HUMAN.H11MO.0.A	MEF2C	MADS box factors	regulators of differentiation	MEF-2
MEF2D_HUMAN.H11MO.0.A	MEF2D	MADS box factors	regulators of differentiation	MEF-2
MA1639.1	MEIS1	homeo domain factors	TALE-type homeo domain factors	MEIS
MEIS1_HUMAN.H11MO.0.A	MEIS1	homeo domain factors	TALE-type homeo domain factors	MEIS
MA1640.1	MEIS2	homeo domain factors	TALE-type homeo domain factors	MEIS
MEIS2_HUMAN.H11MO.0.B	MEIS2	homeo domain factors	TALE-type homeo domain factors	MEIS
M08058_2.00	MITF	basic helix-loop-helix factors (bHLH)	bHLH-ZIP factors	TFE3-like factors
MA0620.3	MITF	basic helix-loop-helix factors (bHLH)	bHLH-ZIP factors	TFE3-like factors
MITF_HUMAN.H11MO.0.A	MITF	basic helix-loop-helix factors (bHLH)	bHLH-ZIP factors	TFE3-like factors
MTF1_HUMAN.H11MO.0.C	MTF1	C2H2 zinc finger factors	more than 3 adjacent zinc finger factors	MTF1-like factors
M07790_2.00	MXI1	basic helix-loop-helix factors (bHLH)	bHLH-ZIP factors	Mad1-like factors
M08051_2.00	MXI1	basic helix-loop-helix factors (bHLH)	bHLH-ZIP factors	Mad1-like factors
M08181_2.00	MXI1	basic helix-loop-helix factors (bHLH)	bHLH-ZIP factors	Mad1-like factors
M08182_2.00	MXI1	basic helix-loop-helix factors (bHLH)	bHLH-ZIP factors	Mad1-like factors
MA1108.2	MXI1	basic helix-loop-helix factors (bHLH)	bHLH-ZIP factors	Mad1-like factors
MXI1_HUMAN.H11MO.0.A	MXI1	basic helix-loop-helix factors (bHLH)	bHLH-ZIP factors	Mad1-like factors
M08150_2.00	MYB	tryptophan cluster factors	Myb/SANT domain factors	Myb-like factors
MA0100.3	MYB	tryptophan cluster factors	Myb/SANT domain factors	Myb-like factors
MYB_HUMAN.H11MO.0.A	MYB	tryptophan cluster factors	Myb/SANT domain factors	Myb-like factors
M07799_2.00	MYC	basic helix-loop-helix factors (bHLH)	bHLH-ZIP factors	Myc/Max factors
M07800_2.00	MYC	basic helix-loop-helix factors (bHLH)	bHLH-ZIP factors	Myc/Max factors
M07801_2.00	MYC	basic helix-loop-helix factors (bHLH)	bHLH-ZIP factors	Myc/Max factors
M07802_2.00	MYC	basic helix-loop-helix factors (bHLH)	bHLH-ZIP factors	Myc/Max factors
M07803_2.00	MYC	basic helix-loop-helix factors (bHLH)	bHLH-ZIP factors	Myc/Max factors
M07804_2.00	MYC	basic helix-loop-helix factors (bHLH)	bHLH-ZIP factors	Myc/Max factors
M08054_2.00	MYC	basic helix-loop-helix factors (bHLH)	bHLH-ZIP factors	Myc/Max factors
MA0147.3	MYC	basic helix-loop-helix factors (bHLH)	bHLH-ZIP factors	Myc/Max factors
MYC_HUMAN.H11MO.0.A	MYC	basic helix-loop-helix factors (bHLH)	bHLH-ZIP factors	Myc/Max factors
M08053_2.00	MYCN	basic helix-loop-helix factors (bHLH)	bHLH-ZIP factors	Myc/Max factors
MA0104.4	MYCN	basic helix-loop-helix factors (bHLH)	bHLH-ZIP factors	Myc/Max factors
MYCN_HUMAN.H11MO.0.A	MYCN	basic helix-loop-helix factors (bHLH)	bHLH-ZIP factors	Myc/Max factors
MA1641.1	MYF5	basic helix-loop-helix factors (bHLH)	MyoD/ASC-related factors	myogenic transcription factors
MYF6_HUMAN.H11MO.0.C	MYF6	basic helix-loop-helix factors (bHLH)	MyoD/ASC-related factors	myogenic transcription factors
M08283_2.00	MYNN	C2H2 zinc finger factors	more than 3 adjacent zinc finger factors	unclassified
MA0499.2	MYOD1	basic helix-loop-helix factors (bHLH)	MyoD/ASC-related factors	myogenic transcription factors
MYOD1_HUMAN.H11MO.0.A	MYOD1	basic helix-loop-helix factors (bHLH)	MyoD/ASC-related factors	myogenic transcription factors
MA0500.2	MYOG	basic helix-loop-helix factors (bHLH)	MyoD/ASC-related factors	myogenic transcription factors
MYOG_HUMAN.H11MO.0.B	MYOG	basic helix-loop-helix factors (bHLH)	MyoD/ASC-related factors	myogenic transcription factors
M08236_2.00	MZF1	C2H2 zinc finger factors	more than 3 adjacent zinc finger factors	unclassified
M08286_2.00	MZF1	C2H2 zinc finger factors	more than 3 adjacent zinc finger factors	unclassified
MA0056.2	MZF1	C2H2 zinc finger factors	more than 3 adjacent zinc finger factors	unclassified
MZF1_HUMAN.H11MO.0.B	MZF1	C2H2 zinc finger factors	more than 3 adjacent zinc finger factors	unclassified
NANOG_HUMAN.H11MO.0.A	NANOG	homeo domain factors	NK-related factors	NANOG
NDF1_HUMAN.H11MO.0.A	NDF1	basic helix-loop-helix (bHLH) factors	Tal-related factors	Neurogenin/Atonal-like factors
NDF2_HUMAN.H11MO.0.B	NDF2	basic helix-loop-helix (bHLH) factors	Tal-related factors	Neurogenin/Atonal-like factors
M08057_2.00	NEUROD1	basic helix-loop-helix (bHLH) factors	Tal-related factors	Neurogenin/Atonal-like factors
MA1109.1	NEUROD1	basic helix-loop-helix (bHLH) factors	Tal-related factors	Neurogenin/Atonal-like factors
MA1642.1	NEUROG2	basic helix-loop-helix (bHLH) factors	Tal-related factors	Neurogenin/Atonal-like factors
NF2L1_HUMAN.H11MO.0.C	NF2L1	basic leucine zipper (bZIP) factors	Jun-related factors	NF-E2-like factors
NF2L2_HUMAN.H11MO.0.A	NF2L2	basic leucine zipper (bZIP) factors	Jun-related factors	NF-E2-like factors
NFAC1_HUMAN.H11MO.0.B	NFAC1	Rel homology region (RHR) factors	NFAT-related factors	NA
NFAC2_HUMAN.H11MO.0.B	NFAC2	Rel homology region (RHR) factors	NFAT-related factors	NA
NFAC3_HUMAN.H11MO.0.B	NFAC3	Rel homology region (RHR) factors	NFAT-related factors	NA
NFAC4_HUMAN.H11MO.0.C	NFAC4	Rel homology region (RHR) factors	NFAT-related factors	NA
M07813_2.00	NFE2	basic leucine zipper (bZIP) factors	Jun-related factors	NF-E2-like factors
NFE2_HUMAN.H11MO.0.A	NFE2	basic leucine zipper (bZIP) factors	Jun-related factors	NF-E2-like factors
NFIA_HUMAN.H11MO.0.C	NFIA	SMAD/NF-1 DNA-binding domain factors	nuclear factor 1	NA
MA1643.1	NFIB	SMAD/NF-1 DNA-binding domain factors	nuclear factor 1	NA
M08164_2.00	NFIC	SMAD/NF-1 DNA-binding domain factors	nuclear factor 1	NA
MA0161.2	NFIC	SMAD/NF-1 DNA-binding domain factors	nuclear factor 1	NA
NFIC_HUMAN.H11MO.0.A	NFIC	SMAD/NF-1 DNA-binding domain factors	nuclear factor 1	NA
MA0025.2	NFIL3	basic leucine zipper (bZIP) factors	C/EBP-related	PAR factors
NFKB1_HUMAN.H11MO.1.B	NFKB1	Rel homology region (RHR) factors	NF-kappaB-related factors	NF-kappaB p50 subunit-like factors
NFKB2_HUMAN.H11MO.0.B	NFKB2	Rel homology region (RHR) factors	NF-kappaB-related factors	NF-kappaB p50 subunit-like factors
M08104_2.00	NFYA	heteromeric CCAAT-binding factors	heteromeric CCAAT-binding factors	NA
MA0060.3	NFYA	heteromeric CCAAT-binding factors	heteromeric CCAAT-binding factors	NA
NFYA_HUMAN.H11MO.0.A	NFYA	heteromeric CCAAT-binding factors	heteromeric CCAAT-binding factors	NA
M08178_2.00	NFYB	heteromeric CCAAT-binding factors	heteromeric CCAAT-binding factors	NA
MA0502.2	NFYB	heteromeric CCAAT-binding factors	heteromeric CCAAT-binding factors	NA
NFYB_HUMAN.H11MO.0.A	NFYB	heteromeric CCAAT-binding factors	heteromeric CCAAT-binding factors	NA
MA1644.1	NFYC	heteromeric CCAAT-binding factors	heteromeric CCAAT-binding factors	NA
NFYC_HUMAN.H11MO.0.A	NFYC	heteromeric CCAAT-binding factors	heteromeric CCAAT-binding factors	NA
MA1645.1	NKX2-2
MA0063.2	NKX2-5
NKX21_HUMAN.H11MO.0.A	NKX21	homeo domain factors	NK-related factors	NK-2.1
NKX25_HUMAN.H11MO.0.B	NKX25	homeo domain factors	NK-related factors	NK-4
NKX28_HUMAN.H11MO.0.C	NKX28	homeo domain factors	NK-related factors	NK-2.2
NKX31_HUMAN.H11MO.0.C	NKX31	homeo domain factors	NK-related factors	NK-3
NKX32_HUMAN.H11MO.0.C	NKX32	homeo domain factors	NK-related factors	NK-3
NKX61_HUMAN.H11MO.0.B	NKX61	homeo domain factors	NK-related factors	NK-6
NOBOX_HUMAN.H11MO.0.C	NOBOX	homeo domain factors	paired-related HD factors	NOBOX
NR1D1_HUMAN.H11MO.0.B	NR1D1	nuclear receptors with C4 zinc fingers	thyroid hormone receptor-related factors (NR1)	Rev-ErbA (NR1D)
NR1H3_HUMAN.H11MO.0.B	NR1H3	nuclear receptors with C4 zinc fingers	thyroid hormone receptor-related factors (NR1)	LXR (NR1H)
M08152_2.00	NR1H4	nuclear receptors with C4 zinc fingers	thyroid hormone receptor-related factors (NR1)	LXR (NR1H)
NR1H4_HUMAN.H11MO.0.B	NR1H4	nuclear receptors with C4 zinc fingers	thyroid hormone receptor-related factors (NR1)	LXR (NR1H)
NR1I2_HUMAN.H11MO.0.C	NR1I2	nuclear receptors with C4 zinc fingers	thyroid hormone receptor-related factors (NR1)	vitamin D receptor (NR1I)
NR1I3_HUMAN.H11MO.0.C	NR1I3	nuclear receptors with C4 zinc fingers	thyroid hormone receptor-related factors (NR1)	vitamin D receptor (NR1I)
NR2C1_HUMAN.H11MO.0.C	NR2C1	nuclear receptors with C4 zinc fingers	RXR-related receptors (NR2)	testicular receptors (NR2C)
M07990_2.00	NR2C2	nuclear receptors with C4 zinc fingers	RXR-related receptors (NR2)	testicular receptors (NR2C)
M07991_2.00	NR2C2	nuclear receptors with C4 zinc fingers	RXR-related receptors (NR2)	testicular receptors (NR2C)
M07992_2.00	NR2C2	nuclear receptors with C4 zinc fingers	RXR-related receptors (NR2)	testicular receptors (NR2C)
M08156_2.00	NR2C2	nuclear receptors with C4 zinc fingers	RXR-related receptors (NR2)	testicular receptors (NR2C)
M08221_2.00	NR2C2	nuclear receptors with C4 zinc fingers	RXR-related receptors (NR2)	testicular receptors (NR2C)
M08222_2.00	NR2C2	nuclear receptors with C4 zinc fingers	RXR-related receptors (NR2)	testicular receptors (NR2C)
MA0504.1	NR2C2	nuclear receptors with C4 zinc fingers	RXR-related receptors (NR2)	testicular receptors (NR2C)
NR2C2_HUMAN.H11MO.0.B	NR2C2	nuclear receptors with C4 zinc fingers	RXR-related receptors (NR2)	testicular receptors (NR2C)
NR2E3_HUMAN.H11MO.0.C	NR2E3	nuclear receptors with C4 zinc fingers	RXR-related receptors (NR2)	tailless-like receptors (NR2E)
M08157_2.00	NR2F2	nuclear receptors with C4 zinc fingers	RXR-related receptors (NR2)	COUP-like receptors (NR2F)
M08223_2.00	NR2F2	nuclear receptors with C4 zinc fingers	RXR-related receptors (NR2)	COUP-like receptors (NR2F)
M08224_2.00	NR2F2	nuclear receptors with C4 zinc fingers	RXR-related receptors (NR2)	COUP-like receptors (NR2F)
MA1111.1	NR2F2	nuclear receptors with C4 zinc fingers	RXR-related receptors (NR2)	COUP-like receptors (NR2F)
M07986_2.00	NR3C1	nuclear receptors with C4 zinc fingers	steroid hormone receptors (NR3)	GR-like receptors (NR3C)
M07987_2.00	NR3C1	nuclear receptors with C4 zinc fingers	steroid hormone receptors (NR3)	GR-like receptors (NR3C)
M08153_2.00	NR4A1	nuclear receptors with C4 zinc fingers	NGFI-B-related receptors (NR4)	NA
MA1112.2	NR4A1	nuclear receptors with C4 zinc fingers	NGFI-B-related receptors (NR4)	NA
NR4A1_HUMAN.H11MO.0.A	NR4A1	nuclear receptors with C4 zinc fingers	NGFI-B-related receptors (NR4)	NA
NR4A2_HUMAN.H11MO.0.C	NR4A2	nuclear receptors with C4 zinc fingers	NGFI-B-related receptors (NR4)	NA
NR5A2_HUMAN.H11MO.0.B	NR5A2	nuclear receptors with C4 zinc fingers	FTZ-F1-related receptors (NR5)	NA
NR6A1_HUMAN.H11MO.0.B	NR6A1	nuclear receptors with C4 zinc fingers	GCNF-related receptors (NR6)	NA
M08177_2.00	NRF1	basic leucine zipper (bZIP) factors	Jun-related factors	NF-E2-like factors
NRF1_HUMAN.H11MO.0.A	NRF1	basic leucine zipper (bZIP) factors	Jun-related factors	NF-E2-like factors
OLIG2_HUMAN.H11MO.0.B	OLIG2
MA0679.2	ONECUT1
M08324_2.00	OSR2
MA1646.1	OSR2
OSR2_HUMAN.H11MO.0.C	OSR2
MA0712.2	OTX2
OTX2_HUMAN.H11MO.0.A	OTX2
OVOL1_HUMAN.H11MO.0.C	OVOL1
OZF_HUMAN.H11MO.0.C	OZF
P53_HUMAN.H11MO.0.A	P53
P63_HUMAN.H11MO.0.A	P63
P73_HUMAN.H11MO.0.A	P73
M08287_2.00	PATZ1
MA1961.1	PATZ1
PATZ1_HUMAN.H11MO.0.C	PATZ1
M07995_2.00	PAX5
M07996_2.00	PAX5
M07997_2.00	PAX5
M07998_2.00	PAX5
M08160_2.00	PAX5
M08227_2.00	PAX5
M08228_2.00	PAX5
MA0014.3	PAX5
PAX5_HUMAN.H11MO.0.A	PAX5
PAX6_HUMAN.H11MO.0.C	PAX6
PBX1_HUMAN.H11MO.0.A	PBX1
M08134_2.00	PBX2
MA1113.2	PBX2
PBX2_HUMAN.H11MO.0.C	PBX2
M07971_2.00	PBX3
M08132_2.00	PBX3
MA1114.1	PBX3
PBX3_HUMAN.H11MO.0.A	PBX3
PDX1_HUMAN.H11MO.0.A	PDX1
PEBB_HUMAN.H11MO.0.C	PEBB
MA0681.2	PHOX2B
PIT1_HUMAN.H11MO.0.C	PIT1
MA0782.2	PKNOX1
PKNX1_HUMAN.H11MO.0.B	PKNX1
PO2F1_HUMAN.H11MO.0.C	PO2F1
PO2F2_HUMAN.H11MO.0.A	PO2F2
PO3F1_HUMAN.H11MO.0.C	PO3F1
PO3F2_HUMAN.H11MO.0.A	PO3F2
PO5F1_HUMAN.H11MO.0.A	PO5F1
M07972_2.00	POU2F2
M07973_2.00	POU2F2
M07974_2.00	POU2F2
M07975_2.00	POU2F2
M08140_2.00	POU2F2
MA0627.2	POU2F3
M07976_2.00	POU5F1
M08141_2.00	POU5F1
MA1115.1	POU5F1
PPARA_HUMAN.H11MO.0.B	PPARA
PPARG_HUMAN.H11MO.0.A	PPARG
PRD14_HUMAN.H11MO.0.A	PRD14
M07845_2.00	PRDM1
M08083_2.00	PRDM1
M08191_2.00	PRDM1
M08192_2.00	PRDM1
M08276_2.00	PRDM1
MA0508.3	PRDM1
PRDM1_HUMAN.H11MO.0.A	PRDM1
M08277_2.00	PRDM6
PRDM6_HUMAN.H11MO.0.C	PRDM6
M07610_2.00	PRDM9
MA1723.1	PRDM9
PRGR_HUMAN.H11MO.0.A	PRGR
PRRX2_HUMAN.H11MO.0.C	PRRX2
PTF1A_HUMAN.H11MO.0.B	PTF1A
RARA_HUMAN.H11MO.0.A	RARA
RARG_HUMAN.H11MO.0.B	RARG
M07595_2.00	RBAK
M08105_2.00	RBPJ
MA1116.1	RBPJ
REL_HUMAN.H11MO.0.B	REL
M07999_2.00	RELA
M08000_2.00	RELA
M08001_2.00	RELA
M08002_2.00	RELA
M08003_2.00	RELA
M08004_2.00	RELA
M08005_2.00	RELA
M08006_2.00	RELA
M08007_2.00	RELA
M08008_2.00	RELA
M08161_2.00	RELB
MA1117.1	RELB
RELB_HUMAN.H11MO.0.C	RELB
M07846_2.00	REST
M07847_2.00	REST
M07848_2.00	REST
M07849_2.00	REST
M07850_2.00	REST
M07851_2.00	REST
M07852_2.00	REST
M07853_2.00	REST
M07854_2.00	REST
M08084_2.00	REST
MA0138.2	REST
REST_HUMAN.H11MO.0.A	REST
MA0509.3	RFX1
RFX1_HUMAN.H11MO.0.B	RFX1
RFX2_HUMAN.H11MO.0.A	RFX2
RFX3_HUMAN.H11MO.0.B	RFX3
M08009_2.00	RFX5
M08010_2.00	RFX5
M08011_2.00	RFX5
M08012_2.00	RFX5
RFX5_HUMAN.H11MO.0.A	RFX5
RORA_HUMAN.H11MO.0.C	RORA
RORG_HUMAN.H11MO.0.C	RORG
RUNX1_HUMAN.H11MO.0.A	RUNX1
RUNX2_HUMAN.H11MO.0.A	RUNX2
MA0684.2	RUNX3
RUNX3_HUMAN.H11MO.0.A	RUNX3
M07993_2.00	RXRA
M07994_2.00	RXRA
RXRA_HUMAN.H11MO.0.A	RXRA
RXRB_HUMAN.H11MO.0.C	RXRB
RXRG_HUMAN.H11MO.0.B	RXRG
SALL4_HUMAN.H11MO.0.B	SALL4
M08397_2.00	SCRT1
MA0743.2	SCRT1
MA0744.2	SCRT2
M08130_2.00	SIX1
MA1118.1	SIX1
SIX1_HUMAN.H11MO.0.A	SIX1
M08133_2.00	SIX2
MA1119.1	SIX2
SIX2_HUMAN.H11MO.0.A	SIX2
M08208_2.00	SIX5
M08209_2.00	SIX5
SMAD2_HUMAN.H11MO.0.A	SMAD2
SMAD3_HUMAN.H11MO.0.B	SMAD3
SMAD4_HUMAN.H11MO.0.B	SMAD4
SMCA1_HUMAN.H11MO.0.C	SMCA1
SMCA5_HUMAN.H11MO.0.C	SMCA5
M08303_2.00	SNAI1
SNAI1_HUMAN.H11MO.0.C	SNAI1
MA0745.2	SNAI2
SNAI2_HUMAN.H11MO.0.A	SNAI2
M08165_2.00	SOX10
MA0442.2	SOX10
SOX10_HUMAN.H11MO.0.B	SOX10
M08166_2.00	SOX13
MA1120.1	SOX13
SOX17_HUMAN.H11MO.0.C	SOX17
MA0143.4	SOX2
SOX2_HUMAN.H11MO.0.A	SOX2
SOX3_HUMAN.H11MO.0.B	SOX3
SOX4_HUMAN.H11MO.0.B	SOX4
SOX5_HUMAN.H11MO.0.C	SOX5
SOX9_HUMAN.H11MO.0.B	SOX9
M08096_2.00	SP1
M08363_2.00	SP1
MA0079.5	SP1
SP1_HUMAN.H11MO.0.A	SP1
M07932_2.00	SP2
M08092_2.00	SP2
M08326_2.00	SP2
MA0516.3	SP2
SP2_HUMAN.H11MO.0.A	SP2
SP3_HUMAN.H11MO.0.B	SP3
M08296_2.00	SP4
MA0685.2	SP4
SP4_HUMAN.H11MO.0.A	SP4
M07944_2.00	SPI1
M07945_2.00	SPI1
M07946_2.00	SPI1
M08026_2.00	SPI1
SPI1_HUMAN.H11MO.0.A	SPI1
MA0081.2	SPIB
SPIB_HUMAN.H11MO.0.A	SPIB
SRBP1_HUMAN.H11MO.0.A	SRBP1
SRBP2_HUMAN.H11MO.0.B	SRBP2
M08048_2.00	SREBF1
MA0595.1	SREBF1
MA0829.2	SREBF1
M08059_2.00	SREBF2
MA0596.1	SREBF2
M07981_2.00	SRF
M07982_2.00	SRF
M07983_2.00	SRF
M07984_2.00	SRF
SRF_HUMAN.H11MO.0.A	SRF
SRY_HUMAN.H11MO.0.B	SRY
STA5A_HUMAN.H11MO.0.A	STA5A
STA5B_HUMAN.H11MO.0.A	STA5B
M08013_2.00	STAT1
M08014_2.00	STAT1
M08171_2.00	STAT1
M08229_2.00	STAT1
M08230_2.00	STAT1
MA0137.3	STAT1
STAT1_HUMAN.H11MO.0.A	STAT1
MA0517.1	STAT1::STAT2
M08019_2.00	STAT2
STAT2_HUMAN.H11MO.0.A	STAT2
M08015_2.00	STAT3
M08016_2.00	STAT3
M08017_2.00	STAT3
M08018_2.00	STAT3
M08172_2.00	STAT3
MA0144.2	STAT3
STAT3_HUMAN.H11MO.0.A	STAT3
STAT4_HUMAN.H11MO.0.A	STAT4
STAT6_HUMAN.H11MO.0.B	STAT6
STF1_HUMAN.H11MO.0.B	STF1
SUH_HUMAN.H11MO.0.A	SUH
TAF1_HUMAN.H11MO.0.A	TAF1
TAL1_HUMAN.H11MO.0.A	TAL1
M08231_2.00	TBP
TBP_HUMAN.H11MO.0.A	TBP
TBX21_HUMAN.H11MO.0.A	TBX21
TBX3_HUMAN.H11MO.0.C	TBX3
M07805_2.00	TCF12
M07806_2.00	TCF12
MA1648.1	TCF12
MA0522.3	TCF3
MA0830.2	TCF4
MA0769.2	TCF7
TCF7_HUMAN.H11MO.0.A	TCF7
M08167_2.00	TCF7L2
MA0523.1	TCF7L2
MA0090.3	TEAD1
TEAD1_HUMAN.H11MO.0.A	TEAD1
M08175_2.00	TEAD2
MA1121.1	TEAD2
MA0809.2	TEAD4
TEAD4_HUMAN.H11MO.0.A	TEAD4
TF65_HUMAN.H11MO.0.A	TF65
TF7L1_HUMAN.H11MO.0.B	TF7L1
TF7L2_HUMAN.H11MO.0.A	TF7L2
M07784_2.00	TFAP2A
MA0003.4	TFAP2A
M07783_2.00	TFAP2C
MA0814.2	TFAP2C
TFAP4_HUMAN.H11MO.0.A	TFAP4
M08108_2.00	TFDP1
MA1122.1	TFDP1
TFDP1_HUMAN.H11MO.0.C	TFDP1
TFE2_HUMAN.H11MO.0.A	TFE2
TFE3_HUMAN.H11MO.0.B	TFE3
TFEB_HUMAN.H11MO.0.C	TFEB
TGIF1_HUMAN.H11MO.0.A	TGIF1
THA_HUMAN.H11MO.0.C	THA
THA11_HUMAN.H11MO.0.B	THA11
M08020_2.00	THAP1
M08176_2.00	THAP1
THAP1_HUMAN.H11MO.0.C	THAP1
THB_HUMAN.H11MO.0.C	THB
M08035_2.00	TP73
M08036_2.00	TP73
M08037_2.00	TP73
M08052_2.00	TWIST1
MA1123.2	TWIST1
TWST1_HUMAN.H11MO.0.A	TWST1
TYY1_HUMAN.H11MO.0.A	TYY1
M07807_2.00	USF1	basic helix-loop-helix (bHLH)	bHLH-ZIP factors	USF factors
M07808_2.00	USF1	basic helix-loop-helix (bHLH)	bHLH-ZIP factors	USF factors
M07809_2.00	USF1	basic helix-loop-helix (bHLH)	bHLH-ZIP factors	USF factors
M07810_2.00	USF1	basic helix-loop-helix (bHLH)	bHLH-ZIP factors	USF factors
M07811_2.00	USF1	basic helix-loop-helix (bHLH)	bHLH-ZIP factors	USF factors
M08056_2.00	USF1	basic helix-loop-helix (bHLH)	bHLH-ZIP factors	USF factors
MA0093.3	USF1	basic helix-loop-helix (bHLH)	bHLH-ZIP factors	USF factors
USF1_HUMAN.H11MO.0.A	USF1	basic helix-loop-helix (bHLH)	bHLH-ZIP factors	USF factors
M07785_2.00	USF2	basic helix-loop-helix (bHLH)	bHLH-ZIP factors	USF factors
M07786_2.00	USF2	basic helix-loop-helix (bHLH)	bHLH-ZIP factors	USF factors
M07787_2.00	USF2	basic helix-loop-helix (bHLH)	bHLH-ZIP factors	USF factors
M07788_2.00	USF2	basic helix-loop-helix (bHLH)	bHLH-ZIP factors	USF factors
M07789_2.00	USF2	basic helix-loop-helix (bHLH)	bHLH-ZIP factors	USF factors
M08050_2.00	USF2	basic helix-loop-helix (bHLH)	bHLH-ZIP factors	USF factors
USF2_HUMAN.H11MO.0.A	USF2	basic helix-loop-helix (bHLH)	bHLH-ZIP factors	USF factors
VDR_HUMAN.H11MO.0.A	VDR	nuclear receptors with C4 zinc fingers	thyroid hormone receptor-related factors (NR1)	vitamin D receptor (NR1I)
VEZF1_HUMAN.H11MO.0.C	VEZF1	C2H2 zinc finger factors	factors with multiple dispersed zinc fingers	MAZ-like factors
WT1_HUMAN.H11MO.0.C	WT1	C2H2 zinc finger factors	more than 3 adjacent zinc finger factors	unclassified
M07855_2.00	YY1	C2H2 zinc finger factors	more than 3 adjacent zinc finger factors	YY1-like factors
M07856_2.00	YY1	C2H2 zinc finger factors	more than 3 adjacent zinc finger factors	YY1-like factors
M07857_2.00	YY1	C2H2 zinc finger factors	more than 3 adjacent zinc finger factors	YY1-like factors
M07858_2.00	YY1	C2H2 zinc finger factors	more than 3 adjacent zinc finger factors	YY1-like factors
M07859_2.00	YY1	C2H2 zinc finger factors	more than 3 adjacent zinc finger factors	YY1-like factors
M07860_2.00	YY1	C2H2 zinc finger factors	more than 3 adjacent zinc finger factors	YY1-like factors
M07861_2.00	YY1	C2H2 zinc finger factors	more than 3 adjacent zinc finger factors	YY1-like factors
M08085_2.00	YY1	C2H2 zinc finger factors	more than 3 adjacent zinc finger factors	YY1-like factors
M08237_2.00	YY1	C2H2 zinc finger factors	more than 3 adjacent zinc finger factors	YY1-like factors
M08288_2.00	YY1	C2H2 zinc finger factors	more than 3 adjacent zinc finger factors	YY1-like factors
MA0748.2	YY2	C2H2 zinc finger factors	more than 3 adjacent zinc finger factors	YY1-like factors
Z324A_HUMAN.H11MO.0.C	Z324A
Z354A_HUMAN.H11MO.0.C	Z354A
ZBT14_HUMAN.H11MO.0.C	ZBT14
ZBT17_HUMAN.H11MO.0.A	ZBT17
ZBT18_HUMAN.H11MO.0.C	ZBT18
ZBT48_HUMAN.H11MO.0.C	ZBT48
ZBT7A_HUMAN.H11MO.0.A	ZBT7A
M08269_2.00	ZBTB12
M08389_2.00	ZBTB12
MA1649.1	ZBTB12
M08387_2.00	ZBTB14
MA1650.1	ZBTB14
M08257_2.00	ZBTB18
M08350_2.00	ZBTB18
M08340_2.00	ZBTB26
MA1579.1	ZBTB26
M08094_2.00	ZBTB33
MA0527.1	ZBTB33
M08351_2.00	ZBTB42
M08391_2.00	ZBTB48
M08364_2.00	ZBTB6
MA1581.1	ZBTB6
ZBTB6_HUMAN.H11MO.0.C	ZBTB6
M07937_2.00	ZBTB7A
M08095_2.00	ZBTB7A
MA0750.2	ZBTB7A
M07842_2.00	ZEB1
M08080_2.00	ZEB1
M08190_2.00	ZEB1
MA0103.3	ZEB1
ZEB1_HUMAN.H11MO.0.A	ZEB1
M07670_2.00	ZFP1
M07592_2.00	ZFP14
MA1972.1	ZFP14
M08378_2.00	ZFP28
ZFP28_HUMAN.H11MO.0.C	ZFP28
M08258_2.00	ZFP3
M08355_2.00	ZFP3
M08348_2.00	ZFP42
MA1651.1	ZFP42
ZFP42_HUMAN.H11MO.0.A	ZFP42
M07756_2.00	ZFP57
MA1583.1	ZFP57
M08275_2.00	ZFP64
M07686_2.00	ZFP69
M07685_2.00	ZFP69B
M08356_2.00	ZFP82
ZFP82_HUMAN.H11MO.0.C	ZFP82
M07672_2.00	ZFP90
ZFX_HUMAN.H11MO.0.A	ZFX
ZIC1_HUMAN.H11MO.0.B	ZIC1
M08233_2.00	ZIC2
ZIC3_HUMAN.H11MO.0.B	ZIC3
M07633_2.00	ZIK1
M07779_2.00	ZIM2
M07591_2.00	ZIM3
M08312_2.00	ZIM3
MA1709.1	ZIM3
ZIM3_HUMAN.H11MO.0.C	ZIM3
ZKSC1_HUMAN.H11MO.0.B	ZKSC1
MA1585.1	ZKSCAN1
M07562_2.00	ZKSCAN2
M07696_2.00	ZKSCAN3
M07709_2.00	ZKSCAN5
MA1652.1	ZKSCAN5
ZN121_HUMAN.H11MO.0.C	ZN121
ZN134_HUMAN.H11MO.0.C	ZN134
ZN136_HUMAN.H11MO.0.C	ZN136
ZN140_HUMAN.H11MO.0.C	ZN140
ZN143_HUMAN.H11MO.0.A	ZN143
ZN214_HUMAN.H11MO.0.C	ZN214
ZN250_HUMAN.H11MO.0.C	ZN250
ZN257_HUMAN.H11MO.0.C	ZN257
ZN260_HUMAN.H11MO.0.C	ZN260
ZN263_HUMAN.H11MO.0.A	ZN263
ZN264_HUMAN.H11MO.0.C	ZN264
ZN274_HUMAN.H11MO.0.A	ZN274
ZN281_HUMAN.H11MO.0.A	ZN281
ZN317_HUMAN.H11MO.0.C	ZN317
ZN320_HUMAN.H11MO.0.C	ZN320
ZN322_HUMAN.H11MO.0.B	ZN322
ZN329_HUMAN.H11MO.0.C	ZN329
ZN331_HUMAN.H11MO.0.C	ZN331
ZN335_HUMAN.H11MO.0.A	ZN335
ZN341_HUMAN.H11MO.0.C	ZN341
ZN350_HUMAN.H11MO.0.C	ZN350
ZN382_HUMAN.H11MO.0.C	ZN382
ZN384_HUMAN.H11MO.0.C	ZN384
ZN394_HUMAN.H11MO.0.C	ZN394
ZN418_HUMAN.H11MO.0.C	ZN418
ZN436_HUMAN.H11MO.0.C	ZN436
ZN449_HUMAN.H11MO.0.C	ZN449
ZN467_HUMAN.H11MO.0.C	ZN467
ZN490_HUMAN.H11MO.0.C	ZN490
ZN502_HUMAN.H11MO.0.C	ZN502
ZN528_HUMAN.H11MO.0.C	ZN528
ZN547_HUMAN.H11MO.0.C	ZN547
ZN549_HUMAN.H11MO.0.C	ZN549
ZN554_HUMAN.H11MO.0.C	ZN554
ZN563_HUMAN.H11MO.0.C	ZN563
ZN582_HUMAN.H11MO.0.C	ZN582
ZN586_HUMAN.H11MO.0.C	ZN586
ZN667_HUMAN.H11MO.0.C	ZN667
ZN680_HUMAN.H11MO.0.C	ZN680
ZN708_HUMAN.H11MO.0.C	ZN708
ZN768_HUMAN.H11MO.0.C	ZN768
ZN770_HUMAN.H11MO.0.C	ZN770
ZN816_HUMAN.H11MO.0.C	ZN816
M07774_2.00	ZNF10
M07715_2.00	ZNF100
M07663_2.00	ZNF101
M07650_2.00	ZNF114
M07611_2.00	ZNF12
M08384_2.00	ZNF121
M07702_2.00	ZNF124
M07588_2.00	ZNF132
M07580_2.00	ZNF133
M08392_2.00	ZNF134
M07647_2.00	ZNF135
MA1587.1	ZNF135
M07708_2.00	ZNF136
M08265_2.00	ZNF136
M08374_2.00	ZNF136
MA1588.1	ZNF136
M08372_2.00	ZNF140
MA1589.1	ZNF140
M07586_2.00	ZNF141
M07931_2.00	ZNF143
M08329_2.00	ZNF146
MA1653.1	ZNF148
M07656_2.00	ZNF154
M07596_2.00	ZNF157
M08251_2.00	ZNF16
M08336_2.00	ZNF16
MA1654.1	ZNF16
M07645_2.00	ZNF169
M07681_2.00	ZNF17
M08292_2.00	ZNF175
M07602_2.00	ZNF18
M08316_2.00	ZNF18
ZNF18_HUMAN.H11MO.0.C	ZNF18
M07614_2.00	ZNF180
M07730_2.00	ZNF181
M07597_2.00	ZNF182
M07571_2.00	ZNF184
M08285_2.00	ZNF184
M07589_2.00	ZNF189
M08244_2.00	ZNF189
M08311_2.00	ZNF189
MA1725.1	ZNF189
M07603_2.00	ZNF19
M07684_2.00	ZNF197
M07780_2.00	ZNF2
M08232_2.00	ZNF200
M08273_2.00	ZNF200
M07612_2.00	ZNF202
M07578_2.00	ZNF205
M07577_2.00	ZNF211
M07625_2.00	ZNF212
M08284_2.00	ZNF213
M07599_2.00	ZNF214
M08314_2.00	ZNF214
MA1975.1	ZNF214
M08325_2.00	ZNF22
M07604_2.00	ZNF222
M07654_2.00	ZNF223
M07778_2.00	ZNF224
M08399_2.00	ZNF224
M07776_2.00	ZNF225
M07605_2.00	ZNF235
M08093_2.00	ZNF24
MA1124.1	ZNF24
M07739_2.00	ZNF248
M07643_2.00	ZNF25
M08264_2.00	ZNF250
M08370_2.00	ZNF250
M07760_2.00	ZNF254
M07719_2.00	ZNF257
M08379_2.00	ZNF257
MA1710.1	ZNF257
M07743_2.00	ZNF26
M08395_2.00	ZNF260
M07563_2.00	ZNF263
M07843_2.00	ZNF263
M07844_2.00	ZNF263
M08082_2.00	ZNF263
M08272_2.00	ZNF263
MA0528.2	ZNF263
M07568_2.00	ZNF264
M08235_2.00	ZNF264
M08282_2.00	ZNF264
M07641_2.00	ZNF266
M07676_2.00	ZNF267
M07735_2.00	ZNF273
M08268_2.00	ZNF273
M08385_2.00	ZNF273
M07632_2.00	ZNF274
M07933_2.00	ZNF274
M07934_2.00	ZNF274
M07935_2.00	ZNF274
M07936_2.00	ZNF274
M07748_2.00	ZNF28
M08332_2.00	ZNF280A
M08321_2.00	ZNF281
MA1630.2	ZNF281
M07626_2.00	ZNF282
M07619_2.00	ZNF283
M07679_2.00	ZNF284
M07777_2.00	ZNF285
M07590_2.00	ZNF287
M07613_2.00	ZNF3
M07621_2.00	ZNF30
M08330_2.00	ZNF30
M07594_2.00	ZNF300
M07570_2.00	ZNF302
M07587_2.00	ZNF304
M07734_2.00	ZNF311
M07584_2.00	ZNF317
M08242_2.00	ZNF317
M08308_2.00	ZNF317
MA1593.1	ZNF317
M07667_2.00	ZNF320
M08362_2.00	ZNF320
MA1976.1	ZNF320
M08259_2.00	ZNF322
M08357_2.00	ZNF322
M07566_2.00	ZNF324
M08280_2.00	ZNF324
MA1977.1	ZNF324
M07769_2.00	ZNF324B
M08359_2.00	ZNF329
M07585_2.00	ZNF331
M08309_2.00	ZNF331
MA1726.1	ZNF331
M07607_2.00	ZNF333
M07740_2.00	ZNF334
M07583_2.00	ZNF337
M07695_2.00	ZNF33A
M08263_2.00	ZNF33A
M08369_2.00	ZNF33A
M07710_2.00	ZNF33B
M08371_2.00	ZNF34
M08310_2.00	ZNF341
MA1655.1	ZNF341
M07569_2.00	ZNF343
M08250_2.00	ZNF35
M08334_2.00	ZNF35
M08396_2.00	ZNF350
M07622_2.00	ZNF354A
M08331_2.00	ZNF354A
MA1978.1	ZNF354A
M07653_2.00	ZNF354B
M08279_2.00	ZNF37A
M07608_2.00	ZNF382
M08247_2.00	ZNF382
M08319_2.00	ZNF382
MA1594.1	ZNF382
M07689_2.00	ZNF383
M08090_2.00	ZNF384
M08306_2.00	ZNF384
MA1125.1	ZNF384
M08318_2.00	ZNF394
M07716_2.00	ZNF398
M08245_2.00	ZNF41
M08313_2.00	ZNF41
ZNF41_HUMAN.H11MO.0.C	ZNF41
M08252_2.00	ZNF415
M08337_2.00	ZNF415
M08234_2.00	ZNF416
M07639_2.00	ZNF417
MA1727.1	ZNF417
M07712_2.00	ZNF418
M08376_2.00	ZNF418
MA1980.1	ZNF418
M07572_2.00	ZNF419
M08291_2.00	ZNF419
M07758_2.00	ZNF425
M07714_2.00	ZNF429
M07575_2.00	ZNF430
M07711_2.00	ZNF431
M07773_2.00	ZNF432
M07726_2.00	ZNF433
M08305_2.00	ZNF436
M07627_2.00	ZNF439
M07731_2.00	ZNF44
M07628_2.00	ZNF440
M07717_2.00	ZNF441
M07742_2.00	ZNF442
M07659_2.00	ZNF443
M07674_2.00	ZNF445
M08344_2.00	ZNF449
MA1656.1	ZNF449
M07579_2.00	ZNF45
M08241_2.00	ZNF45
M08304_2.00	ZNF45
M07651_2.00	ZNF454
M08256_2.00	ZNF454
M08346_2.00	ZNF454
MA1712.1	ZNF454
M07727_2.00	ZNF460
MA1596.1	ZNF460
M08260_2.00	ZNF467
M08358_2.00	ZNF467
M07754_2.00	ZNF468
M07673_2.00	ZNF479
M07745_2.00	ZNF480
M07638_2.00	ZNF483
M07581_2.00	ZNF484
M07741_2.00	ZNF485
M07775_2.00	ZNF486
M07782_2.00	ZNF487
M08366_2.00	ZNF490
M07765_2.00	ZNF492
M07609_2.00	ZNF496
M08375_2.00	ZNF502
M07565_2.00	ZNF506
M08322_2.00	ZNF513
M07642_2.00	ZNF519
M08255_2.00	ZNF519
M08339_2.00	ZNF524
M07752_2.00	ZNF525
M07694_2.00	ZNF527
M07617_2.00	ZNF528
M08249_2.00	ZNF528
M08328_2.00	ZNF528
MA1597.1	ZNF528
M07678_2.00	ZNF529
M07668_2.00	ZNF530
MA1981.1	ZNF530
M07751_2.00	ZNF534
M07634_2.00	ZNF540
M07652_2.00	ZNF543
M08347_2.00	ZNF543
M07600_2.00	ZNF547
M08315_2.00	ZNF547
M07691_2.00	ZNF548
M07576_2.00	ZNF549
M08300_2.00	ZNF549
MA1728.1	ZNF549
M07772_2.00	ZNF550
M07655_2.00	ZNF552
M08341_2.00	ZNF554
M07682_2.00	ZNF555
M07582_2.00	ZNF557
M07620_2.00	ZNF558
M07630_2.00	ZNF561
M07629_2.00	ZNF562
M08368_2.00	ZNF563
M07770_2.00	ZNF564
M07700_2.00	ZNF565
M07677_2.00	ZNF566
M07692_2.00	ZNF567
M07635_2.00	ZNF570
M07658_2.00	ZNF571
M07693_2.00	ZNF573
M08239_2.00	ZNF574
M08294_2.00	ZNF574
MA1982.1	ZNF574
M07564_2.00	ZNF582
M08274_2.00	ZNF582
M07631_2.00	ZNF584
M07713_2.00	ZNF585A
M08281_2.00	ZNF586
M07746_2.00	ZNF587
M08354_2.00	ZNF594
M08400_2.00	ZNF595
M08342_2.00	ZNF596
M07704_2.00	ZNF605
M07616_2.00	ZNF610
M08327_2.00	ZNF610
MA1713.1	ZNF610
M07759_2.00	ZNF611
M07646_2.00	ZNF613
M07593_2.00	ZNF614
M07725_2.00	ZNF615
M07755_2.00	ZNF616
M07649_2.00	ZNF619
M07648_2.00	ZNF620
M07636_2.00	ZNF621
M08254_2.00	ZNF621
M07687_2.00	ZNF626
M07749_2.00	ZNF627
M07615_2.00	ZNF641
M07738_2.00	ZNF649
MA1657.1	ZNF652
M08248_2.00	ZNF653
M07666_2.00	ZNF662
M07737_2.00	ZNF667
M08386_2.00	ZNF667
MA1984.1	ZNF667
M07690_2.00	ZNF669
M08262_2.00	ZNF669
M08367_2.00	ZNF669
MA1985.1	ZNF669
M07567_2.00	ZNF671
M07771_2.00	ZNF674
M07722_2.00	ZNF675
M08266_2.00	ZNF675
M08381_2.00	ZNF675
MA1714.1	ZNF675
M08382_2.00	ZNF677
M07637_2.00	ZNF680
M08343_2.00	ZNF680
MA1729.1	ZNF680
M07698_2.00	ZNF681
M07718_2.00	ZNF682
MA1599.1	ZNF682
M07574_2.00	ZNF684
M08240_2.00	ZNF684
M08297_2.00	ZNF684
M07744_2.00	ZNF69
M08253_2.00	ZNF692
M08338_2.00	ZNF692
M07724_2.00	ZNF695
M07598_2.00	ZNF7
M07618_2.00	ZNF701
MA1987.1	ZNF701
M07763_2.00	ZNF705G
M07661_2.00	ZNF707
MA1715.1	ZNF707
M07665_2.00	ZNF708
M08360_2.00	ZNF708
MA1730.1	ZNF708
M08267_2.00	ZNF71
M08383_2.00	ZNF71
M07606_2.00	ZNF714
M07664_2.00	ZNF716
M07669_2.00	ZNF730
M07767_2.00	ZNF736
M07768_2.00	ZNF737
M07675_2.00	ZNF74
M07680_2.00	ZNF749
M07683_2.00	ZNF75D
MA1601.2	ZNF75D
M08278_2.00	ZNF76
ZNF76_HUMAN.H11MO.0.C	ZNF76
M07623_2.00	ZNF764
M07701_2.00	ZNF765
M07699_2.00	ZNF766
M08333_2.00	ZNF768
MA1731.1	ZNF768
M07644_2.00	ZNF77
M08388_2.00	ZNF770
M08373_2.00	ZNF774
M07601_2.00	ZNF776
M07703_2.00	ZNF777
M07624_2.00	ZNF778
M08335_2.00	ZNF778
M07729_2.00	ZNF780A
M07706_2.00	ZNF782
M07757_2.00	ZNF783
M08352_2.00	ZNF784
M07720_2.00	ZNF785
M07721_2.00	ZNF786
M07750_2.00	ZNF789
M07697_2.00	ZNF79
M07732_2.00	ZNF790
M07640_2.00	ZNF791
M07660_2.00	ZNF792
M07688_2.00	ZNF793
M07705_2.00	ZNF799
M07781_2.00	ZNF8
M08401_2.00	ZNF8
MA1718.1	ZNF8
ZNF8_HUMAN.H11MO.0.C	ZNF8
M07753_2.00	ZNF805
M07747_2.00	ZNF808
M07728_2.00	ZNF81
M07657_2.00	ZNF816
M08353_2.00	ZNF816
MA1719.1	ZNF816
M07733_2.00	ZNF823
M07736_2.00	ZNF84
M07707_2.00	ZNF846
M07573_2.00	ZNF85
M08295_2.00	ZNF85
MA1720.1	ZNF85
ZNF85_HUMAN.H11MO.0.C	ZNF85
M07723_2.00	ZNF860
M07766_2.00	ZNF879
M07764_2.00	ZNF880
M07762_2.00	ZNF891
M07761_2.00	ZNF90
M07671_2.00	ZNF93
MA1721.1	ZNF93
M08380_2.00	ZNF98
ZSC22_HUMAN.H11MO.0.C	ZSC22
ZSC31_HUMAN.H11MO.0.C	ZSC31
M08377_2.00	ZSCAN16
M08261_2.00	ZSCAN22
M08361_2.00	ZSCAN22
M08271_2.00	ZSCAN29
MA1602.1	ZSCAN29
M08365_2.00	ZSCAN30
M08270_2.00	ZSCAN31
M08393_2.00	ZSCAN31
M08390_2.00	ZSCAN5C
