Model	LOGO	Transcription factor	Model length	Quality	TF family	EntrezGene	UniProt ID
AHR_HUMAN.H11MO.0.B		HUMAN:AHR	9	B	PAS domain factors{1.2.5}	196	AHR_HUMAN
AIRE_HUMAN.H11MO.0.C		HUMAN:AIRE	18	C	AIRE{5.3.1}	326	AIRE_HUMAN
ALX1_HUMAN.H11MO.0.B		HUMAN:ALX1	12	B	Paired-related HD factors{3.1.3}	8092	ALX1_HUMAN
ANDR_HUMAN.H11MO.0.A		HUMAN:AR	18	A	Steroid hormone receptors (NR3){2.1.1}	367	ANDR_HUMAN
AP2A_HUMAN.H11MO.0.A		HUMAN:TFAP2A	15	A	AP-2{1.3.1}	7020	AP2A_HUMAN
AP2B_HUMAN.H11MO.0.B		HUMAN:TFAP2B	10	B	AP-2{1.3.1}	7021	AP2B_HUMAN
AP2C_HUMAN.H11MO.0.A		HUMAN:TFAP2C	14	A	AP-2{1.3.1}	7022	AP2C_HUMAN
ARI5B_HUMAN.H11MO.0.C		HUMAN:ARID5B	13	C	ARID-related factors{3.7.1}	84159	ARI5B_HUMAN
ARNT_HUMAN.H11MO.0.B		HUMAN:ARNT	9	B	PAS domain factors{1.2.5}	405	ARNT_HUMAN
ASCL1_HUMAN.H11MO.0.A		HUMAN:ASCL1	14	A	MyoD / ASC-related factors{1.2.2}	429	ASCL1_HUMAN
ATF1_HUMAN.H11MO.0.B		HUMAN:ATF1	11	B	CREB-related factors{1.1.7}	466	ATF1_HUMAN
ATF2_HUMAN.H11MO.0.B		HUMAN:ATF2	11	B	Jun-related factors{1.1.1}	1386	ATF2_HUMAN
ATF3_HUMAN.H11MO.0.A		HUMAN:ATF3	11	A	Fos-related factors{1.1.2}	467	ATF3_HUMAN
ATF4_HUMAN.H11MO.0.A		HUMAN:ATF4	12	A	ATF-4-related factors{1.1.6}	468	ATF4_HUMAN
ATF6A_HUMAN.H11MO.0.B		HUMAN:ATF6	12	B	CREB-related factors{1.1.7}	22926	ATF6A_HUMAN
ATOH1_HUMAN.H11MO.0.B		HUMAN:ATOH1	9	B	Tal-related factors{1.2.3}	474	ATOH1_HUMAN
BACH1_HUMAN.H11MO.0.A		HUMAN:BACH1	13	A	Jun-related factors{1.1.1}	571	BACH1_HUMAN
BACH2_HUMAN.H11MO.0.A		HUMAN:BACH2	11	A	Jun-related factors{1.1.1}	60468	BACH2_HUMAN
BATF3_HUMAN.H11MO.0.B		HUMAN:BATF3	17	B	B-ATF-related factors{1.1.4}	55509	BATF3_HUMAN
BATF_HUMAN.H11MO.0.A		HUMAN:BATF	18	A	B-ATF-related factors{1.1.4}	10538	BATF_HUMAN
BC11A_HUMAN.H11MO.0.A		HUMAN:BCL11A	17	A	Factors with multiple dispersed zinc fingers{2.3.4}	53335	BC11A_HUMAN
BCL6_HUMAN.H11MO.0.A		HUMAN:BCL6	13	A	More than 3 adjacent zinc finger factors{2.3.3}	604	BCL6_HUMAN
BHA15_HUMAN.H11MO.0.B		HUMAN:BHLHA15	11	B	Tal-related factors{1.2.3}	168620	BHA15_HUMAN
BHE40_HUMAN.H11MO.0.A		HUMAN:BHLHE40	10	A	Hairy-related factors{1.2.4}	8553	BHE40_HUMAN
BMAL1_HUMAN.H11MO.0.A		HUMAN:ARNTL	11	A	PAS domain factors{1.2.5}	406	BMAL1_HUMAN
BRAC_HUMAN.H11MO.0.A		HUMAN:T	20	A	Brachyury-related factors{6.5.1}	6862	BRAC_HUMAN
CDX1_HUMAN.H11MO.0.C		HUMAN:CDX1	8	C	HOX-related factors{3.1.1}	1044	CDX1_HUMAN
CDX2_HUMAN.H11MO.0.A		HUMAN:CDX2	12	A	HOX-related factors{3.1.1}	1045	CDX2_HUMAN
CEBPA_HUMAN.H11MO.0.A		HUMAN:CEBPA	12	A	C/EBP-related{1.1.8}	1050	CEBPA_HUMAN
CEBPB_HUMAN.H11MO.0.A		HUMAN:CEBPB	12	A	C/EBP-related{1.1.8}	1051	CEBPB_HUMAN
CEBPD_HUMAN.H11MO.0.C		HUMAN:CEBPD	11	C	C/EBP-related{1.1.8}	1052	CEBPD_HUMAN
CEBPE_HUMAN.H11MO.0.A		HUMAN:CEBPE	12	A	C/EBP-related{1.1.8}	1053	CEBPE_HUMAN
CEBPG_HUMAN.H11MO.0.B		HUMAN:CEBPG	12	B	C/EBP-related{1.1.8}	1054	CEBPG_HUMAN
CLOCK_HUMAN.H11MO.0.C		HUMAN:CLOCK	14	C	PAS domain factors{1.2.5}	9575	CLOCK_HUMAN
COE1_HUMAN.H11MO.0.A		HUMAN:EBF1	15	A	Early B-Cell Factor-related factors{6.1.5}	1879	COE1_HUMAN
COT1_HUMAN.H11MO.0.C		HUMAN:NR2F1	17	C	RXR-related receptors (NR2){2.1.3}	7025	COT1_HUMAN
COT2_HUMAN.H11MO.0.A		HUMAN:NR2F2	13	A	RXR-related receptors (NR2){2.1.3}	7026	COT2_HUMAN
CREB1_HUMAN.H11MO.0.A		HUMAN:CREB1	11	A	CREB-related factors{1.1.7}	1385	CREB1_HUMAN
CREM_HUMAN.H11MO.0.C		HUMAN:CREM	11	C	CREB-related factors{1.1.7}	1390	CREM_HUMAN
CRX_HUMAN.H11MO.0.B		HUMAN:CRX	13	B	Paired-related HD factors{3.1.3}	1406	CRX_HUMAN
CTCFL_HUMAN.H11MO.0.A		HUMAN:CTCFL	17	A	More than 3 adjacent zinc finger factors{2.3.3}	140690	CTCFL_HUMAN
CTCF_HUMAN.H11MO.0.A		HUMAN:CTCF	19	A	More than 3 adjacent zinc finger factors{2.3.3}	10664	CTCF_HUMAN
CUX1_HUMAN.H11MO.0.C		HUMAN:CUX1	14	C	HD-CUT factors{3.1.9}	1523	CUX1_HUMAN
DBP_HUMAN.H11MO.0.B		HUMAN:DBP	11	B	C/EBP-related{1.1.8}	1628	DBP_HUMAN
DLX3_HUMAN.H11MO.0.C		HUMAN:DLX3	10	C	NK-related factors{3.1.2}	1747	DLX3_HUMAN
DUX4_HUMAN.H11MO.0.A		HUMAN:DUX4	11	A	Paired-related HD factors{3.1.3}	100288687	DUX4_HUMAN
E2F1_HUMAN.H11MO.0.A		HUMAN:E2F1	14	A	E2F-related factors{3.3.2}	1869	E2F1_HUMAN
E2F2_HUMAN.H11MO.0.B		HUMAN:E2F2	10	B	E2F-related factors{3.3.2}	1870	E2F2_HUMAN
E2F3_HUMAN.H11MO.0.A		HUMAN:E2F3	11	A	E2F-related factors{3.3.2}	1871	E2F3_HUMAN
E2F4_HUMAN.H11MO.0.A		HUMAN:E2F4	13	A	E2F-related factors{3.3.2}	1874	E2F4_HUMAN
E2F5_HUMAN.H11MO.0.B		HUMAN:E2F5	10	B	E2F-related factors{3.3.2}	1875	E2F5_HUMAN
E2F6_HUMAN.H11MO.0.A		HUMAN:E2F6	13	A	E2F-related factors{3.3.2}	1876	E2F6_HUMAN
E2F7_HUMAN.H11MO.0.B		HUMAN:E2F7	13	B	E2F-related factors{3.3.2}	144455	E2F7_HUMAN
EGR1_HUMAN.H11MO.0.A		HUMAN:EGR1	17	A	Three-zinc finger Krüppel-related factors{2.3.1}	1958	EGR1_HUMAN
EGR2_HUMAN.H11MO.0.A		HUMAN:EGR2	18	A	Three-zinc finger Krüppel-related factors{2.3.1}	1959	EGR2_HUMAN
EHF_HUMAN.H11MO.0.B		HUMAN:EHF	15	B	Ets-related factors{3.5.2}	26298	EHF_HUMAN
ELF1_HUMAN.H11MO.0.A		HUMAN:ELF1	14	A	Ets-related factors{3.5.2}	1997	ELF1_HUMAN
ELF2_HUMAN.H11MO.0.C		HUMAN:ELF2	13	C	Ets-related factors{3.5.2}	1998	ELF2_HUMAN
ELF3_HUMAN.H11MO.0.A		HUMAN:ELF3	14	A	Ets-related factors{3.5.2}	1999	ELF3_HUMAN
ELF5_HUMAN.H11MO.0.A		HUMAN:ELF5	15	A	Ets-related factors{3.5.2}	2001	ELF5_HUMAN
ELK1_HUMAN.H11MO.0.B		HUMAN:ELK1	11	B	Ets-related factors{3.5.2}	2002	ELK1_HUMAN
ELK4_HUMAN.H11MO.0.A		HUMAN:ELK4	12	A	Ets-related factors{3.5.2}	2005	ELK4_HUMAN
EPAS1_HUMAN.H11MO.0.B		HUMAN:EPAS1	9	B	PAS domain factors{1.2.5}	2034	EPAS1_HUMAN
ERG_HUMAN.H11MO.0.A		HUMAN:ERG	13	A	Ets-related factors{3.5.2}	2078	ERG_HUMAN
ERR1_HUMAN.H11MO.0.A		HUMAN:ESRRA	15	A	Steroid hormone receptors (NR3){2.1.1}	2101	ERR1_HUMAN
ERR2_HUMAN.H11MO.0.A		HUMAN:ESRRB	9	A	Steroid hormone receptors (NR3){2.1.1}	2103	ERR2_HUMAN
ERR3_HUMAN.H11MO.0.B		HUMAN:ESRRG	9	B	Steroid hormone receptors (NR3){2.1.1}	2104	ERR3_HUMAN
ESR1_HUMAN.H11MO.0.A		HUMAN:ESR1	15	A	Steroid hormone receptors (NR3){2.1.1}	2099	ESR1_HUMAN
ESR2_HUMAN.H11MO.0.A		HUMAN:ESR2	15	A	Steroid hormone receptors (NR3){2.1.1}	2100	ESR2_HUMAN
ETS1_HUMAN.H11MO.0.A		HUMAN:ETS1	13	A	Ets-related factors{3.5.2}	2113	ETS1_HUMAN
ETS2_HUMAN.H11MO.0.B		HUMAN:ETS2	13	B	Ets-related factors{3.5.2}	2114	ETS2_HUMAN
ETV1_HUMAN.H11MO.0.A		HUMAN:ETV1	11	A	Ets-related factors{3.5.2}	2115	ETV1_HUMAN
ETV2_HUMAN.H11MO.0.B		HUMAN:ETV2	16	B	Ets-related factors{3.5.2}	2116	ETV2_HUMAN
ETV4_HUMAN.H11MO.0.B		HUMAN:ETV4	11	B	Ets-related factors{3.5.2}	2118	ETV4_HUMAN
ETV5_HUMAN.H11MO.0.C		HUMAN:ETV5	14	C	Ets-related factors{3.5.2}	2119	ETV5_HUMAN
EVI1_HUMAN.H11MO.0.B		HUMAN:MECOM	16	B	Factors with multiple dispersed zinc fingers{2.3.4}	2122	EVI1_HUMAN
FEV_HUMAN.H11MO.0.B		HUMAN:FEV	10	B	Ets-related factors{3.5.2}	54738	FEV_HUMAN
FEZF1_HUMAN.H11MO.0.C		HUMAN:FEZF1	12	C	More than 3 adjacent zinc finger factors{2.3.3}	389549	FEZF1_HUMAN
FLI1_HUMAN.H11MO.0.A		HUMAN:FLI1	18	A	Ets-related factors{3.5.2}	2313	FLI1_HUMAN
FOSB_HUMAN.H11MO.0.A		HUMAN:FOSB	9	A	Fos-related factors{1.1.2}	2354	FOSB_HUMAN
FOSL1_HUMAN.H11MO.0.A		HUMAN:FOSL1	12	A	Fos-related factors{1.1.2}	8061	FOSL1_HUMAN
FOSL2_HUMAN.H11MO.0.A		HUMAN:FOSL2	12	A	Fos-related factors{1.1.2}	2355	FOSL2_HUMAN
FOS_HUMAN.H11MO.0.A		HUMAN:FOS	9	A	Fos-related factors{1.1.2}	2353	FOS_HUMAN
FOXA1_HUMAN.H11MO.0.A		HUMAN:FOXA1	12	A	Forkhead box (FOX) factors{3.3.1}	3169	FOXA1_HUMAN
FOXA2_HUMAN.H11MO.0.A		HUMAN:FOXA2	12	A	Forkhead box (FOX) factors{3.3.1}	3170	FOXA2_HUMAN
FOXA3_HUMAN.H11MO.0.B		HUMAN:FOXA3	13	B	Forkhead box (FOX) factors{3.3.1}	3171	FOXA3_HUMAN
FOXC1_HUMAN.H11MO.0.C		HUMAN:FOXC1	15	C	Forkhead box (FOX) factors{3.3.1}	2296	FOXC1_HUMAN
FOXH1_HUMAN.H11MO.0.A		HUMAN:FOXH1	9	A	Forkhead box (FOX) factors{3.3.1}	8928	FOXH1_HUMAN
FOXI1_HUMAN.H11MO.0.B		HUMAN:FOXI1	12	B	Forkhead box (FOX) factors{3.3.1}	2299	FOXI1_HUMAN
FOXJ2_HUMAN.H11MO.0.C		HUMAN:FOXJ2	10	C	Forkhead box (FOX) factors{3.3.1}	55810	FOXJ2_HUMAN
FOXJ3_HUMAN.H11MO.0.A		HUMAN:FOXJ3	13	A	Forkhead box (FOX) factors{3.3.1}	22887	FOXJ3_HUMAN
FOXK1_HUMAN.H11MO.0.A		HUMAN:FOXK1	10	A	Forkhead box (FOX) factors{3.3.1}	221937	FOXK1_HUMAN
FOXM1_HUMAN.H11MO.0.A		HUMAN:FOXM1	12	A	Forkhead box (FOX) factors{3.3.1}	2305	FOXM1_HUMAN
FOXO1_HUMAN.H11MO.0.A		HUMAN:FOXO1	12	A	Forkhead box (FOX) factors{3.3.1}	2308	FOXO1_HUMAN
FOXO3_HUMAN.H11MO.0.B		HUMAN:FOXO3	10	B	Forkhead box (FOX) factors{3.3.1}	2309	FOXO3_HUMAN
FOXO4_HUMAN.H11MO.0.C		HUMAN:FOXO4	9	C	Forkhead box (FOX) factors{3.3.1}	4303	FOXO4_HUMAN
FOXP1_HUMAN.H11MO.0.A		HUMAN:FOXP1	9	A	Forkhead box (FOX) factors{3.3.1}	27086	FOXP1_HUMAN
FOXP2_HUMAN.H11MO.0.C		HUMAN:FOXP2	9	C	Forkhead box (FOX) factors{3.3.1}	93986	FOXP2_HUMAN
FOXQ1_HUMAN.H11MO.0.C		HUMAN:FOXQ1	12	C	Forkhead box (FOX) factors{3.3.1}	94234	FOXQ1_HUMAN
GABPA_HUMAN.H11MO.0.A		HUMAN:GABPA	14	A	Ets-related factors{3.5.2}	2551	GABPA_HUMAN
GATA1_HUMAN.H11MO.0.A		HUMAN:GATA1	19	A	GATA-type zinc fingers{2.2.1}	2623	GATA1_HUMAN
GATA2_HUMAN.H11MO.0.A		HUMAN:GATA2	19	A	GATA-type zinc fingers{2.2.1}	2624	GATA2_HUMAN
GATA3_HUMAN.H11MO.0.A		HUMAN:GATA3	11	A	GATA-type zinc fingers{2.2.1}	2625	GATA3_HUMAN
GATA4_HUMAN.H11MO.0.A		HUMAN:GATA4	10	A	GATA-type zinc fingers{2.2.1}	2626	GATA4_HUMAN
GATA6_HUMAN.H11MO.0.A		HUMAN:GATA6	13	A	GATA-type zinc fingers{2.2.1}	2627	GATA6_HUMAN
GCR_HUMAN.H11MO.0.A		HUMAN:NR3C1	15	A	Steroid hormone receptors (NR3){2.1.1}	2908	GCR_HUMAN
GFI1B_HUMAN.H11MO.0.A		HUMAN:GFI1B	10	A	More than 3 adjacent zinc finger factors{2.3.3}	8328	GFI1B_HUMAN
GFI1_HUMAN.H11MO.0.C		HUMAN:GFI1	10	C	More than 3 adjacent zinc finger factors{2.3.3}	2672	GFI1_HUMAN
GLI3_HUMAN.H11MO.0.B		HUMAN:GLI3	11	B	More than 3 adjacent zinc finger factors{2.3.3}	2737	GLI3_HUMAN
GRHL2_HUMAN.H11MO.0.A		HUMAN:GRHL2	12	A	Grainyhead-related factors{6.7.1}	79977	GRHL2_HUMAN
HEN1_HUMAN.H11MO.0.C		HUMAN:NHLH1	20	C	Tal-related factors{1.2.3}	4807	HEN1_HUMAN
HIC1_HUMAN.H11MO.0.C		HUMAN:HIC1	9	C	Factors with multiple dispersed zinc fingers{2.3.4}	3090	HIC1_HUMAN
HIF1A_HUMAN.H11MO.0.C		HUMAN:HIF1A	8	C	PAS domain factors{1.2.5}	3091	HIF1A_HUMAN
HINFP_HUMAN.H11MO.0.C		HUMAN:HINFP	16	C	Factors with multiple dispersed zinc fingers{2.3.4}	25988	HINFP_HUMAN
HLF_HUMAN.H11MO.0.C		HUMAN:HLF	13	C	C/EBP-related{1.1.8}	3131	HLF_HUMAN
HNF1A_HUMAN.H11MO.0.C		HUMAN:HNF1A	15	C	POU domain factors{3.1.10}	6927	HNF1A_HUMAN
HNF1B_HUMAN.H11MO.0.A		HUMAN:HNF1B	15	A	POU domain factors{3.1.10}	6928	HNF1B_HUMAN
HNF4A_HUMAN.H11MO.0.A		HUMAN:HNF4A	14	A	RXR-related receptors (NR2){2.1.3}	3172	HNF4A_HUMAN
HNF4G_HUMAN.H11MO.0.B		HUMAN:HNF4G	14	B	RXR-related receptors (NR2){2.1.3}	3174	HNF4G_HUMAN
HNF6_HUMAN.H11MO.0.B		HUMAN:ONECUT1	11	B	HD-CUT factors{3.1.9}	3175	HNF6_HUMAN
HSF1_HUMAN.H11MO.0.A		HUMAN:HSF1	15	A	HSF factors{3.4.1}	3297	HSF1_HUMAN
HSF2_HUMAN.H11MO.0.A		HUMAN:HSF2	14	A	HSF factors{3.4.1}	3298	HSF2_HUMAN
HTF4_HUMAN.H11MO.0.A		HUMAN:TCF12	10	A	E2A-related factors{1.2.1}	6938	HTF4_HUMAN
HXA10_HUMAN.H11MO.0.C		HUMAN:HOXA10	12	C	HOX-related factors{3.1.1}	3206	HXA10_HUMAN
HXA13_HUMAN.H11MO.0.C		HUMAN:HOXA13	11	C	HOX-related factors{3.1.1}	3209	HXA13_HUMAN
HXA1_HUMAN.H11MO.0.C		HUMAN:HOXA1	10	C	HOX-related factors{3.1.1}	3198	HXA1_HUMAN
HXA9_HUMAN.H11MO.0.B		HUMAN:HOXA9	11	B	HOX-related factors{3.1.1}	3205	HXA9_HUMAN
HXB13_HUMAN.H11MO.0.A		HUMAN:HOXB13	10	A	HOX-related factors{3.1.1}	10481	HXB13_HUMAN
HXB4_HUMAN.H11MO.0.B		HUMAN:HOXB4	8	B	HOX-related factors{3.1.1}	3214	HXB4_HUMAN
HXB7_HUMAN.H11MO.0.C		HUMAN:HOXB7	10	C	HOX-related factors{3.1.1}	3217	HXB7_HUMAN
HXB8_HUMAN.H11MO.0.C		HUMAN:HOXB8	11	C	HOX-related factors{3.1.1}	3218	HXB8_HUMAN
HXC9_HUMAN.H11MO.0.C		HUMAN:HOXC9	10	C	HOX-related factors{3.1.1}	3225	HXC9_HUMAN
IKZF1_HUMAN.H11MO.0.C		HUMAN:IKZF1	8	C	Factors with multiple dispersed zinc fingers{2.3.4}	10320	IKZF1_HUMAN
INSM1_HUMAN.H11MO.0.C		HUMAN:INSM1	12	C	Factors with multiple dispersed zinc fingers{2.3.4}	3642	INSM1_HUMAN
IRF1_HUMAN.H11MO.0.A		HUMAN:IRF1	20	A	Interferon-regulatory factors{3.5.3}	3659	IRF1_HUMAN
IRF2_HUMAN.H11MO.0.A		HUMAN:IRF2	20	A	Interferon-regulatory factors{3.5.3}	3660	IRF2_HUMAN
IRF3_HUMAN.H11MO.0.B		HUMAN:IRF3	20	B	Interferon-regulatory factors{3.5.3}	3661	IRF3_HUMAN
IRF4_HUMAN.H11MO.0.A		HUMAN:IRF4	18	A	Interferon-regulatory factors{3.5.3}	3662	IRF4_HUMAN
IRF7_HUMAN.H11MO.0.C		HUMAN:IRF7	10	C	Interferon-regulatory factors{3.5.3}	3665	IRF7_HUMAN
IRF8_HUMAN.H11MO.0.B		HUMAN:IRF8	20	B	Interferon-regulatory factors{3.5.3}	3394	IRF8_HUMAN
IRF9_HUMAN.H11MO.0.C		HUMAN:IRF9	12	C	Interferon-regulatory factors{3.5.3}	10379	IRF9_HUMAN
ISL1_HUMAN.H11MO.0.A		HUMAN:ISL1	9	A	HD-LIM factors{3.1.5}	3670	ISL1_HUMAN
ITF2_HUMAN.H11MO.0.C		HUMAN:TCF4	10	C	E2A-related factors{1.2.1}	6925	ITF2_HUMAN
JUNB_HUMAN.H11MO.0.A		HUMAN:JUNB	11	A	Jun-related factors{1.1.1}	3726	JUNB_HUMAN
JUND_HUMAN.H11MO.0.A		HUMAN:JUND	11	A	Jun-related factors{1.1.1}	3727	JUND_HUMAN
JUN_HUMAN.H11MO.0.A		HUMAN:JUN	11	A	Jun-related factors{1.1.1}	3725	JUN_HUMAN
KAISO_HUMAN.H11MO.0.A		HUMAN:ZBTB33	15	A	Other factors with up to three adjacent zinc fingers{2.3.2}	10009	KAISO_HUMAN
KLF12_HUMAN.H11MO.0.C		HUMAN:KLF12	11	C	Three-zinc finger Krüppel-related factors{2.3.1}	11278	KLF12_HUMAN
KLF15_HUMAN.H11MO.0.A		HUMAN:KLF15	19	A	Three-zinc finger Krüppel-related factors{2.3.1}	28999	KLF15_HUMAN
KLF1_HUMAN.H11MO.0.A		HUMAN:KLF1	14	A	Three-zinc finger Krüppel-related factors{2.3.1}	10661	KLF1_HUMAN
KLF3_HUMAN.H11MO.0.B		HUMAN:KLF3	19	B	Three-zinc finger Krüppel-related factors{2.3.1}	51274	KLF3_HUMAN
KLF4_HUMAN.H11MO.0.A		HUMAN:KLF4	10	A	Three-zinc finger Krüppel-related factors{2.3.1}	9314	KLF4_HUMAN
KLF5_HUMAN.H11MO.0.A		HUMAN:KLF5	14	A	Three-zinc finger Krüppel-related factors{2.3.1}	688	KLF5_HUMAN
KLF6_HUMAN.H11MO.0.A		HUMAN:KLF6	19	A	Three-zinc finger Krüppel-related factors{2.3.1}	1316	KLF6_HUMAN
KLF8_HUMAN.H11MO.0.C		HUMAN:KLF8	9	C	Three-zinc finger Krüppel-related factors{2.3.1}	11279	KLF8_HUMAN
KLF9_HUMAN.H11MO.0.C		HUMAN:KLF9	15	C	Three-zinc finger Krüppel-related factors{2.3.1}	687	KLF9_HUMAN
LEF1_HUMAN.H11MO.0.A		HUMAN:LEF1	14	A	TCF-7-related factors{4.1.3}	51176	LEF1_HUMAN
LHX2_HUMAN.H11MO.0.A		HUMAN:LHX2	12	A	HD-LIM factors{3.1.5}	9355	LHX2_HUMAN
LHX3_HUMAN.H11MO.0.C		HUMAN:LHX3	13	C	HD-LIM factors{3.1.5}	8022	LHX3_HUMAN
LYL1_HUMAN.H11MO.0.A		HUMAN:LYL1	14	A	Tal-related factors{1.2.3}	4066	LYL1_HUMAN
MAFB_HUMAN.H11MO.0.B		HUMAN:MAFB	11	B	Maf-related factors{1.1.3}	9935	MAFB_HUMAN
MAFF_HUMAN.H11MO.0.B		HUMAN:MAFF	18	B	Maf-related factors{1.1.3}	23764	MAFF_HUMAN
MAFG_HUMAN.H11MO.0.A		HUMAN:MAFG	18	A	Maf-related factors{1.1.3}	4097	MAFG_HUMAN
MAFK_HUMAN.H11MO.0.A		HUMAN:MAFK	18	A	Maf-related factors{1.1.3}	7975	MAFK_HUMAN
MAF_HUMAN.H11MO.0.A		HUMAN:MAF	19	A	Maf-related factors{1.1.3}	4094	MAF_HUMAN
MAX_HUMAN.H11MO.0.A		HUMAN:MAX	10	A	bHLH-ZIP factors{1.2.6}	4149	MAX_HUMAN
MAZ_HUMAN.H11MO.0.A		HUMAN:MAZ	22	A	Factors with multiple dispersed zinc fingers{2.3.4}	4150	MAZ_HUMAN
MBD2_HUMAN.H11MO.0.B		HUMAN:MBD2	11	B		8932	MBD2_HUMAN
MECP2_HUMAN.H11MO.0.C		HUMAN:MECP2	7	C		4204	MECP2_HUMAN
MEF2A_HUMAN.H11MO.0.A		HUMAN:MEF2A	13	A	Regulators of differentiation{5.1.1}	4205	MEF2A_HUMAN
MEF2B_HUMAN.H11MO.0.A		HUMAN:MEF2B	14	A	Regulators of differentiation{5.1.1}	100271849; 4207	MEF2B_HUMAN
MEF2C_HUMAN.H11MO.0.A		HUMAN:MEF2C	13	A	Regulators of differentiation{5.1.1}	4208	MEF2C_HUMAN
MEF2D_HUMAN.H11MO.0.A		HUMAN:MEF2D	12	A	Regulators of differentiation{5.1.1}	4209	MEF2D_HUMAN
MEIS1_HUMAN.H11MO.0.A		HUMAN:MEIS1	12	A	TALE-type homeo domain factors{3.1.4}	4211	MEIS1_HUMAN
MEIS2_HUMAN.H11MO.0.B		HUMAN:MEIS2	13	B	TALE-type homeo domain factors{3.1.4}	4212	MEIS2_HUMAN
MITF_HUMAN.H11MO.0.A		HUMAN:MITF	10	A	bHLH-ZIP factors{1.2.6}	4286	MITF_HUMAN
MTF1_HUMAN.H11MO.0.C		HUMAN:MTF1	17	C	More than 3 adjacent zinc finger factors{2.3.3}	4520	MTF1_HUMAN
MXI1_HUMAN.H11MO.0.A		HUMAN:MXI1	15	A	bHLH-ZIP factors{1.2.6}	4601	MXI1_HUMAN
MYB_HUMAN.H11MO.0.A		HUMAN:MYB	12	A	Myb/SANT domain factors{3.5.1}	4602	MYB_HUMAN
MYCN_HUMAN.H11MO.0.A		HUMAN:MYCN	12	A	bHLH-ZIP factors{1.2.6}	4613	MYCN_HUMAN
MYC_HUMAN.H11MO.0.A		HUMAN:MYC	11	A	bHLH-ZIP factors{1.2.6}	4609	MYC_HUMAN
MYF6_HUMAN.H11MO.0.C		HUMAN:MYF6	7	C	MyoD / ASC-related factors{1.2.2}	4618	MYF6_HUMAN
MYOD1_HUMAN.H11MO.0.A		HUMAN:MYOD1	15	A	MyoD / ASC-related factors{1.2.2}	4654	MYOD1_HUMAN
MYOG_HUMAN.H11MO.0.B		HUMAN:MYOG	13	B	MyoD / ASC-related factors{1.2.2}	4656	MYOG_HUMAN
MZF1_HUMAN.H11MO.0.B		HUMAN:MZF1	13	B	More than 3 adjacent zinc finger factors{2.3.3}	7593	MZF1_HUMAN
NANOG_HUMAN.H11MO.0.A		HUMAN:NANOG	17	A	NK-related factors{3.1.2}	79923	NANOG_HUMAN
NDF1_HUMAN.H11MO.0.A		HUMAN:NEUROD1	10	A	Tal-related factors{1.2.3}	4760	NDF1_HUMAN
NDF2_HUMAN.H11MO.0.B		HUMAN:NEUROD2	9	B	Tal-related factors{1.2.3}	4761	NDF2_HUMAN
NF2L1_HUMAN.H11MO.0.C		HUMAN:NFE2L1	7	C	Jun-related factors{1.1.1}	4779	NF2L1_HUMAN
NF2L2_HUMAN.H11MO.0.A		HUMAN:NFE2L2	14	A	Jun-related factors{1.1.1}	4780	NF2L2_HUMAN
NFAC1_HUMAN.H11MO.0.B		HUMAN:NFATC1	15	B	NFAT-related factors{6.1.3}	4772	NFAC1_HUMAN
NFAC2_HUMAN.H11MO.0.B		HUMAN:NFATC2	9	B	NFAT-related factors{6.1.3}	4773	NFAC2_HUMAN
NFAC3_HUMAN.H11MO.0.B		HUMAN:NFATC3	9	B	NFAT-related factors{6.1.3}	4775	NFAC3_HUMAN
NFAC4_HUMAN.H11MO.0.C		HUMAN:NFATC4	10	C	NFAT-related factors{6.1.3}	4776	NFAC4_HUMAN
NFE2_HUMAN.H11MO.0.A		HUMAN:NFE2	13	A	Jun-related factors{1.1.1}	4778	NFE2_HUMAN
NFIA_HUMAN.H11MO.0.C		HUMAN:NFIA	15	C	Nuclear factor 1{7.1.2}	4774	NFIA_HUMAN
NFIC_HUMAN.H11MO.0.A		HUMAN:NFIC	17	A	Nuclear factor 1{7.1.2}	4782	NFIC_HUMAN
NFKB1_HUMAN.H11MO.1.B		HUMAN:NFKB1	11	B	NF-kappaB-related factors{6.1.1}	4790	NFKB1_HUMAN
NFKB2_HUMAN.H11MO.0.B		HUMAN:NFKB2	11	B	NF-kappaB-related factors{6.1.1}	4791	NFKB2_HUMAN
NFYA_HUMAN.H11MO.0.A		HUMAN:NFYA	14	A	Heteromeric CCAAT-binding factors{4.2.1}	4800	NFYA_HUMAN
NFYB_HUMAN.H11MO.0.A		HUMAN:NFYB	13	A	Heteromeric CCAAT-binding factors{4.2.1}	4801	NFYB_HUMAN
NFYC_HUMAN.H11MO.0.A		HUMAN:NFYC	14	A	Heteromeric CCAAT-binding factors{4.2.1}	4802	NFYC_HUMAN
NKX21_HUMAN.H11MO.0.A		HUMAN:NKX2-1	10	A	NK-related factors{3.1.2}	7080	NKX21_HUMAN
NKX25_HUMAN.H11MO.0.B		HUMAN:NKX2-5	8	B	NK-related factors{3.1.2}	1482	NKX25_HUMAN
NKX28_HUMAN.H11MO.0.C		HUMAN:NKX2-8	9	C	NK-related factors{3.1.2}	26257	NKX28_HUMAN
NKX31_HUMAN.H11MO.0.C		HUMAN:NKX3-1	12	C	NK-related factors{3.1.2}	4824	NKX31_HUMAN
NKX32_HUMAN.H11MO.0.C		HUMAN:NKX3-2	10	C	NK-related factors{3.1.2}	579	NKX32_HUMAN
NKX61_HUMAN.H11MO.0.B		HUMAN:NKX6-1	19	B	NK-related factors{3.1.2}	4825	NKX61_HUMAN
NOBOX_HUMAN.H11MO.0.C		HUMAN:NOBOX	9	C	Paired-related HD factors{3.1.3}	135935	NOBOX_HUMAN
NR1D1_HUMAN.H11MO.0.B		HUMAN:NR1D1	19	B	Thyroid hormone receptor-related factors (NR1){2.1.2}	9572	NR1D1_HUMAN
NR1H3_HUMAN.H11MO.0.B		HUMAN:NR1H3	19	B	Thyroid hormone receptor-related factors (NR1){2.1.2}	10062	NR1H3_HUMAN
NR1H4_HUMAN.H11MO.0.B		HUMAN:NR1H4	19	B	Thyroid hormone receptor-related factors (NR1){2.1.2}	9971	NR1H4_HUMAN
NR1I2_HUMAN.H11MO.0.C		HUMAN:NR1I2	19	C	Thyroid hormone receptor-related factors (NR1){2.1.2}	8856	NR1I2_HUMAN
NR1I3_HUMAN.H11MO.0.C		HUMAN:NR1I3	18	C	Thyroid hormone receptor-related factors (NR1){2.1.2}	9970	NR1I3_HUMAN
NR2C1_HUMAN.H11MO.0.C		HUMAN:NR2C1	13	C	RXR-related receptors (NR2){2.1.3}	7181	NR2C1_HUMAN
NR2C2_HUMAN.H11MO.0.B		HUMAN:NR2C2	12	B	RXR-related receptors (NR2){2.1.3}	7182	NR2C2_HUMAN
NR2E3_HUMAN.H11MO.0.C		HUMAN:NR2E3	14	C	RXR-related receptors (NR2){2.1.3}	10002	NR2E3_HUMAN
NR4A1_HUMAN.H11MO.0.A		HUMAN:NR4A1	9	A	NGFI-B-related receptors (NR4){2.1.4}	3164	NR4A1_HUMAN
NR4A2_HUMAN.H11MO.0.C		HUMAN:NR4A2	9	C	NGFI-B-related receptors (NR4){2.1.4}	4929	NR4A2_HUMAN
NR5A2_HUMAN.H11MO.0.B		HUMAN:NR5A2	11	B	FTZ-F1-related receptors (NR5){2.1.5}	2494	NR5A2_HUMAN
NR6A1_HUMAN.H11MO.0.B		HUMAN:NR6A1	13	B	GCNF-related receptors (NR6){2.1.6}	2649	NR6A1_HUMAN
NRF1_HUMAN.H11MO.0.A		HUMAN:NRF1	17	A	NRF{0.0.6}	4899	NRF1_HUMAN
OLIG2_HUMAN.H11MO.0.B		HUMAN:OLIG2	18	B	Tal-related factors{1.2.3}	10215	OLIG2_HUMAN
OSR2_HUMAN.H11MO.0.C		HUMAN:OSR2	16	C	More than 3 adjacent zinc finger factors{2.3.3}	116039	OSR2_HUMAN
OTX2_HUMAN.H11MO.0.A		HUMAN:OTX2	11	A	Paired-related HD factors{3.1.3}	5015	OTX2_HUMAN
OVOL1_HUMAN.H11MO.0.C		HUMAN:OVOL1	9	C	More than 3 adjacent zinc finger factors{2.3.3}	5017	OVOL1_HUMAN
OZF_HUMAN.H11MO.0.C		HUMAN:ZNF146	24	C	More than 3 adjacent zinc finger factors{2.3.3}	7705	OZF_HUMAN
P53_HUMAN.H11MO.0.A		HUMAN:TP53	20	A	p53-related factors{6.3.1}	7157	P53_HUMAN
P63_HUMAN.H11MO.0.A		HUMAN:TP63	19	A	p53-related factors{6.3.1}	8626	P63_HUMAN
P73_HUMAN.H11MO.0.A		HUMAN:TP73	19	A	p53-related factors{6.3.1}	7161	P73_HUMAN
PATZ1_HUMAN.H11MO.0.C		HUMAN:PATZ1	22	C	Factors with multiple dispersed zinc fingers{2.3.4}	23598	PATZ1_HUMAN
PAX5_HUMAN.H11MO.0.A		HUMAN:PAX5	21	A	Paired domain only{3.2.2}	5079	PAX5_HUMAN
PAX6_HUMAN.H11MO.0.C		HUMAN:PAX6	12	C	Paired plus homeo domain{3.2.1}	5080	PAX6_HUMAN
PBX1_HUMAN.H11MO.0.A		HUMAN:PBX1	10	A	TALE-type homeo domain factors{3.1.4}	5087	PBX1_HUMAN
PBX2_HUMAN.H11MO.0.C		HUMAN:PBX2	15	C	TALE-type homeo domain factors{3.1.4}	5089	PBX2_HUMAN
PBX3_HUMAN.H11MO.0.A		HUMAN:PBX3	11	A	TALE-type homeo domain factors{3.1.4}	5090	PBX3_HUMAN
PDX1_HUMAN.H11MO.0.A		HUMAN:PDX1	9	A	HOX-related factors{3.1.1}	3651	PDX1_HUMAN
PEBB_HUMAN.H11MO.0.C		HUMAN:CBFB	11	C		865	PEBB_HUMAN
PIT1_HUMAN.H11MO.0.C		HUMAN:POU1F1	13	C	POU domain factors{3.1.10}	5449	PIT1_HUMAN
PKNX1_HUMAN.H11MO.0.B		HUMAN:PKNOX1	11	B	TALE-type homeo domain factors{3.1.4}	5316	PKNX1_HUMAN
PO2F1_HUMAN.H11MO.0.C		HUMAN:POU2F1	16	C	POU domain factors{3.1.10}	5451	PO2F1_HUMAN
PO2F2_HUMAN.H11MO.0.A		HUMAN:POU2F2	11	A	POU domain factors{3.1.10}	5452	PO2F2_HUMAN
PO3F1_HUMAN.H11MO.0.C		HUMAN:POU3F1	14	C	POU domain factors{3.1.10}	5453	PO3F1_HUMAN
PO3F2_HUMAN.H11MO.0.A		HUMAN:POU3F2	17	A	POU domain factors{3.1.10}	5454	PO3F2_HUMAN
PO5F1_HUMAN.H11MO.0.A		HUMAN:POU5F1	16	A	POU domain factors{3.1.10}	5460	PO5F1_HUMAN
PPARA_HUMAN.H11MO.0.B		HUMAN:PPARA	17	B	Thyroid hormone receptor-related factors (NR1){2.1.2}	5465	PPARA_HUMAN
PPARG_HUMAN.H11MO.0.A		HUMAN:PPARG	17	A	Thyroid hormone receptor-related factors (NR1){2.1.2}	5468	PPARG_HUMAN
PRD14_HUMAN.H11MO.0.A		HUMAN:PRDM14	14	A	More than 3 adjacent zinc finger factors{2.3.3}	63978	PRD14_HUMAN
PRDM1_HUMAN.H11MO.0.A		HUMAN:PRDM1	14	A	More than 3 adjacent zinc finger factors{2.3.3}	639	PRDM1_HUMAN
PRDM6_HUMAN.H11MO.0.C		HUMAN:PRDM6	13	C	More than 3 adjacent zinc finger factors{2.3.3}	93166	PRDM6_HUMAN
PRGR_HUMAN.H11MO.0.A		HUMAN:PGR	16	A	Steroid hormone receptors (NR3){2.1.1}	5241	PRGR_HUMAN
PRRX2_HUMAN.H11MO.0.C		HUMAN:PRRX2	7	C	Paired-related HD factors{3.1.3}	51450	PRRX2_HUMAN
PTF1A_HUMAN.H11MO.0.B		HUMAN:PTF1A	18	B	Tal-related factors{1.2.3}	256297	PTF1A_HUMAN
RARA_HUMAN.H11MO.0.A		HUMAN:RARA	20	A	Thyroid hormone receptor-related factors (NR1){2.1.2}	5914	RARA_HUMAN
RARG_HUMAN.H11MO.0.B		HUMAN:RARG	18	B	Thyroid hormone receptor-related factors (NR1){2.1.2}	5916	RARG_HUMAN
RELB_HUMAN.H11MO.0.C		HUMAN:RELB	12	C	NF-kappaB-related factors{6.1.1}	5971	RELB_HUMAN
REL_HUMAN.H11MO.0.B		HUMAN:REL	15	B	NF-kappaB-related factors{6.1.1}	5966	REL_HUMAN
REST_HUMAN.H11MO.0.A		HUMAN:REST	22	A	Factors with multiple dispersed zinc fingers{2.3.4}	5978	REST_HUMAN
RFX1_HUMAN.H11MO.0.B		HUMAN:RFX1	22	B	RFX-related factors{3.3.3}	5989	RFX1_HUMAN
RFX2_HUMAN.H11MO.0.A		HUMAN:RFX2	18	A	RFX-related factors{3.3.3}	5990	RFX2_HUMAN
RFX3_HUMAN.H11MO.0.B		HUMAN:RFX3	14	B	RFX-related factors{3.3.3}	5991	RFX3_HUMAN
RFX5_HUMAN.H11MO.0.A		HUMAN:RFX5	20	A	RFX-related factors{3.3.3}	5993	RFX5_HUMAN
RORA_HUMAN.H11MO.0.C		HUMAN:RORA	13	C	Thyroid hormone receptor-related factors (NR1){2.1.2}	6095	RORA_HUMAN
RORG_HUMAN.H11MO.0.C		HUMAN:RORC	12	C	Thyroid hormone receptor-related factors (NR1){2.1.2}	6097	RORG_HUMAN
RUNX1_HUMAN.H11MO.0.A		HUMAN:RUNX1	11	A	Runt-related factors{6.4.1}	861	RUNX1_HUMAN
RUNX2_HUMAN.H11MO.0.A		HUMAN:RUNX2	14	A	Runt-related factors{6.4.1}	860	RUNX2_HUMAN
RUNX3_HUMAN.H11MO.0.A		HUMAN:RUNX3	10	A	Runt-related factors{6.4.1}	864	RUNX3_HUMAN
RXRA_HUMAN.H11MO.0.A		HUMAN:RXRA	20	A	RXR-related receptors (NR2){2.1.3}	6256	RXRA_HUMAN
RXRB_HUMAN.H11MO.0.C		HUMAN:RXRB	10	C	RXR-related receptors (NR2){2.1.3}	6257	RXRB_HUMAN
RXRG_HUMAN.H11MO.0.B		HUMAN:RXRG	13	B	RXR-related receptors (NR2){2.1.3}	6258	RXRG_HUMAN
SALL4_HUMAN.H11MO.0.B		HUMAN:SALL4	10	B	Factors with multiple dispersed zinc fingers{2.3.4}	57167	SALL4_HUMAN
SIX1_HUMAN.H11MO.0.A		HUMAN:SIX1	14	A	HD-SINE factors{3.1.6}	6495	SIX1_HUMAN
SIX2_HUMAN.H11MO.0.A		HUMAN:SIX2	13	A	HD-SINE factors{3.1.6}	10736	SIX2_HUMAN
SMAD2_HUMAN.H11MO.0.A		HUMAN:SMAD2	12	A	SMAD factors{7.1.1}	4087	SMAD2_HUMAN
SMAD3_HUMAN.H11MO.0.B		HUMAN:SMAD3	12	B	SMAD factors{7.1.1}	4088	SMAD3_HUMAN
SMAD4_HUMAN.H11MO.0.B		HUMAN:SMAD4	13	B	SMAD factors{7.1.1}	4089	SMAD4_HUMAN
SMCA1_HUMAN.H11MO.0.C		HUMAN:SMARCA1	12	C	Myb/SANT domain factors{3.5.1}	6594	SMCA1_HUMAN
SMCA5_HUMAN.H11MO.0.C		HUMAN:SMARCA5	15	C	Myb/SANT domain factors{3.5.1}	8467	SMCA5_HUMAN
SNAI1_HUMAN.H11MO.0.C		HUMAN:SNAI1	8	C	More than 3 adjacent zinc finger factors{2.3.3}	6615	SNAI1_HUMAN
SNAI2_HUMAN.H11MO.0.A		HUMAN:SNAI2	10	A	More than 3 adjacent zinc finger factors{2.3.3}	6591	SNAI2_HUMAN
SOX10_HUMAN.H11MO.0.B		HUMAN:SOX10	16	B	SOX-related factors{4.1.1}	6663	SOX10_HUMAN
SOX17_HUMAN.H11MO.0.C		HUMAN:SOX17	11	C	SOX-related factors{4.1.1}	64321	SOX17_HUMAN
SOX2_HUMAN.H11MO.0.A		HUMAN:SOX2	13	A	SOX-related factors{4.1.1}	6657	SOX2_HUMAN
SOX3_HUMAN.H11MO.0.B		HUMAN:SOX3	11	B	SOX-related factors{4.1.1}	6658	SOX3_HUMAN
SOX4_HUMAN.H11MO.0.B		HUMAN:SOX4	12	B	SOX-related factors{4.1.1}	6659	SOX4_HUMAN
SOX5_HUMAN.H11MO.0.C		HUMAN:SOX5	8	C	SOX-related factors{4.1.1}	6660	SOX5_HUMAN
SOX9_HUMAN.H11MO.0.B		HUMAN:SOX9	16	B	SOX-related factors{4.1.1}	6662	SOX9_HUMAN
SP1_HUMAN.H11MO.0.A		HUMAN:SP1	22	A	Three-zinc finger Krüppel-related factors{2.3.1}	6667	SP1_HUMAN
SP2_HUMAN.H11MO.0.A		HUMAN:SP2	22	A	Three-zinc finger Krüppel-related factors{2.3.1}	6668	SP2_HUMAN
SP3_HUMAN.H11MO.0.B		HUMAN:SP3	20	B	Three-zinc finger Krüppel-related factors{2.3.1}	6670	SP3_HUMAN
SP4_HUMAN.H11MO.0.A		HUMAN:SP4	20	A	Three-zinc finger Krüppel-related factors{2.3.1}	6671	SP4_HUMAN
SPI1_HUMAN.H11MO.0.A		HUMAN:SPI1	17	A	Ets-related factors{3.5.2}	6688	SPI1_HUMAN
SPIB_HUMAN.H11MO.0.A		HUMAN:SPIB	17	A	Ets-related factors{3.5.2}	6689	SPIB_HUMAN
SRBP1_HUMAN.H11MO.0.A		HUMAN:SREBF1	11	A	bHLH-ZIP factors{1.2.6}	6720	SRBP1_HUMAN
SRBP2_HUMAN.H11MO.0.B		HUMAN:SREBF2	13	B	bHLH-ZIP factors{1.2.6}	6721	SRBP2_HUMAN
SRF_HUMAN.H11MO.0.A		HUMAN:SRF	18	A	Responders to external signals (SRF/RLM1){5.1.2}	6722	SRF_HUMAN
SRY_HUMAN.H11MO.0.B		HUMAN:SRY	9	B	SOX-related factors{4.1.1}	6736	SRY_HUMAN
STA5A_HUMAN.H11MO.0.A		HUMAN:STAT5A	10	A	STAT factors{6.2.1}	6776	STA5A_HUMAN
STA5B_HUMAN.H11MO.0.A		HUMAN:STAT5B	12	A	STAT factors{6.2.1}	6777	STA5B_HUMAN
STAT1_HUMAN.H11MO.0.A		HUMAN:STAT1	19	A	STAT factors{6.2.1}	6772	STAT1_HUMAN
STAT2_HUMAN.H11MO.0.A		HUMAN:STAT2	19	A	STAT factors{6.2.1}	6773	STAT2_HUMAN
STAT3_HUMAN.H11MO.0.A		HUMAN:STAT3	12	A	STAT factors{6.2.1}	6774	STAT3_HUMAN
STAT4_HUMAN.H11MO.0.A		HUMAN:STAT4	11	A	STAT factors{6.2.1}	6775	STAT4_HUMAN
STAT6_HUMAN.H11MO.0.B		HUMAN:STAT6	11	B	STAT factors{6.2.1}	6778	STAT6_HUMAN
STF1_HUMAN.H11MO.0.B		HUMAN:NR5A1	11	B	FTZ-F1-related receptors (NR5){2.1.5}	2516	STF1_HUMAN
SUH_HUMAN.H11MO.0.A		HUMAN:RBPJ	11	A	CSL-related factors{6.1.4}	3516	SUH_HUMAN
TAF1_HUMAN.H11MO.0.A		HUMAN:TAF1	16	A	TCF-7-related factors{4.1.3}	6872	TAF1_HUMAN
TAL1_HUMAN.H11MO.0.A		HUMAN:TAL1	19	A	Tal-related factors{1.2.3}	6886	TAL1_HUMAN
TBP_HUMAN.H11MO.0.A		HUMAN:TBP	10	A	TBP-related factors{8.1.1}	6908	TBP_HUMAN
TBX21_HUMAN.H11MO.0.A		HUMAN:TBX21	13	A	TBrain-related factors{6.5.2}	30009	TBX21_HUMAN
TBX3_HUMAN.H11MO.0.C		HUMAN:TBX3	11	C	TBX2-related factors{6.5.4}	6926	TBX3_HUMAN
TCF7_HUMAN.H11MO.0.A		HUMAN:TCF7	16	A	TCF-7-related factors{4.1.3}	6932	TCF7_HUMAN
TEAD1_HUMAN.H11MO.0.A		HUMAN:TEAD1	12	A	TEF-1-related factors{3.6.1}	7003	TEAD1_HUMAN
TEAD4_HUMAN.H11MO.0.A		HUMAN:TEAD4	13	A	TEF-1-related factors{3.6.1}	7004	TEAD4_HUMAN
TF65_HUMAN.H11MO.0.A		HUMAN:RELA	14	A	NF-kappaB-related factors{6.1.1}	5970	TF65_HUMAN
TF7L1_HUMAN.H11MO.0.B		HUMAN:TCF7L1	13	B	TCF-7-related factors{4.1.3}	83439	TF7L1_HUMAN
TF7L2_HUMAN.H11MO.0.A		HUMAN:TCF7L2	13	A	TCF-7-related factors{4.1.3}	6934	TF7L2_HUMAN
TFAP4_HUMAN.H11MO.0.A		HUMAN:TFAP4	10	A	bHLH-ZIP factors{1.2.6}	7023	TFAP4_HUMAN
TFDP1_HUMAN.H11MO.0.C		HUMAN:TFDP1	14	C	E2F-related factors{3.3.2}	7027	TFDP1_HUMAN
TFE2_HUMAN.H11MO.0.A		HUMAN:TCF3	11	A	E2A-related factors{1.2.1}	6929	TFE2_HUMAN
TFE3_HUMAN.H11MO.0.B		HUMAN:TFE3	10	B	bHLH-ZIP factors{1.2.6}	7030	TFE3_HUMAN
TFEB_HUMAN.H11MO.0.C		HUMAN:TFEB	9	C	bHLH-ZIP factors{1.2.6}	7942	TFEB_HUMAN
TGIF1_HUMAN.H11MO.0.A		HUMAN:TGIF1	7	A	TALE-type homeo domain factors{3.1.4}	7050	TGIF1_HUMAN
THA11_HUMAN.H11MO.0.B		HUMAN:THAP11	22	B	THAP-related factors{2.9.1}	57215	THA11_HUMAN
THAP1_HUMAN.H11MO.0.C		HUMAN:THAP1	22	C	THAP-related factors{2.9.1}	55145	THAP1_HUMAN
THA_HUMAN.H11MO.0.C		HUMAN:THRA	17	C	Thyroid hormone receptor-related factors (NR1){2.1.2}	7067	THA_HUMAN
THB_HUMAN.H11MO.0.C		HUMAN:THRB	17	C	Thyroid hormone receptor-related factors (NR1){2.1.2}	7068	THB_HUMAN
TWST1_HUMAN.H11MO.0.A		HUMAN:TWIST1	17	A	Tal-related factors{1.2.3}	7291	TWST1_HUMAN
TYY1_HUMAN.H11MO.0.A		HUMAN:YY1	12	A	More than 3 adjacent zinc finger factors{2.3.3}	7528	TYY1_HUMAN
USF1_HUMAN.H11MO.0.A		HUMAN:USF1	12	A	bHLH-ZIP factors{1.2.6}	7391	USF1_HUMAN
USF2_HUMAN.H11MO.0.A		HUMAN:USF2	19	A	bHLH-ZIP factors{1.2.6}	7392	USF2_HUMAN
VDR_HUMAN.H11MO.0.A		HUMAN:VDR	16	A	Thyroid hormone receptor-related factors (NR1){2.1.2}	7421	VDR_HUMAN
VEZF1_HUMAN.H11MO.0.C		HUMAN:VEZF1	22	C	Factors with multiple dispersed zinc fingers{2.3.4}	7716	VEZF1_HUMAN
WT1_HUMAN.H11MO.0.C		HUMAN:WT1	20	C	More than 3 adjacent zinc finger factors{2.3.3}	7490	WT1_HUMAN
Z324A_HUMAN.H11MO.0.C		HUMAN:ZNF324	23	C	More than 3 adjacent zinc finger factors{2.3.3}	25799	Z324A_HUMAN
Z354A_HUMAN.H11MO.0.C		HUMAN:ZNF354A	24	C	More than 3 adjacent zinc finger factors{2.3.3}	6940	Z354A_HUMAN
ZBT14_HUMAN.H11MO.0.C		HUMAN:ZBTB14	9	C	More than 3 adjacent zinc finger factors{2.3.3}	7541	ZBT14_HUMAN
ZBT17_HUMAN.H11MO.0.A		HUMAN:ZBTB17	19	A	Factors with multiple dispersed zinc fingers{2.3.4}	7709	ZBT17_HUMAN
ZBT18_HUMAN.H11MO.0.C		HUMAN:ZBTB18	11	C	More than 3 adjacent zinc finger factors{2.3.3}	10472	ZBT18_HUMAN
ZBT48_HUMAN.H11MO.0.C		HUMAN:ZBTB48	12	C	More than 3 adjacent zinc finger factors{2.3.3}	3104	ZBT48_HUMAN
ZBT7A_HUMAN.H11MO.0.A		HUMAN:ZBTB7A	9	A	More than 3 adjacent zinc finger factors{2.3.3}	51341	ZBT7A_HUMAN
ZBTB6_HUMAN.H11MO.0.C		HUMAN:ZBTB6	13	C	More than 3 adjacent zinc finger factors{2.3.3}	10773	ZBTB6_HUMAN
ZEB1_HUMAN.H11MO.0.A		HUMAN:ZEB1	10	A	HD-ZF factors{3.1.8}	6935	ZEB1_HUMAN
ZFP28_HUMAN.H11MO.0.C		HUMAN:ZFP28	20	C	More than 3 adjacent zinc finger factors{2.3.3}	140612	ZFP28_HUMAN
ZFP42_HUMAN.H11MO.0.A		HUMAN:ZFP42	12	A	More than 3 adjacent zinc finger factors{2.3.3}	132625	ZFP42_HUMAN
ZFP82_HUMAN.H11MO.0.C		HUMAN:ZFP82	24	C	More than 3 adjacent zinc finger factors{2.3.3}	284406	ZFP82_HUMAN
ZFX_HUMAN.H11MO.0.A		HUMAN:ZFX	10	A	More than 3 adjacent zinc finger factors{2.3.3}	7543	ZFX_HUMAN
ZIC1_HUMAN.H11MO.0.B		HUMAN:ZIC1	9	B	More than 3 adjacent zinc finger factors{2.3.3}	7545	ZIC1_HUMAN
ZIC3_HUMAN.H11MO.0.B		HUMAN:ZIC3	15	B	More than 3 adjacent zinc finger factors{2.3.3}	7547	ZIC3_HUMAN
ZIM3_HUMAN.H11MO.0.C		HUMAN:ZIM3	19	C	More than 3 adjacent zinc finger factors{2.3.3}	114026	ZIM3_HUMAN
ZKSC1_HUMAN.H11MO.0.B		HUMAN:ZKSCAN1	19	B	More than 3 adjacent zinc finger factors{2.3.3}	7586	ZKSC1_HUMAN
ZN121_HUMAN.H11MO.0.C		HUMAN:ZNF121	20	C	More than 3 adjacent zinc finger factors{2.3.3}	7675	ZN121_HUMAN
ZN134_HUMAN.H11MO.0.C		HUMAN:ZNF134	22	C	Factors with multiple dispersed zinc fingers{2.3.4}	7693	ZN134_HUMAN
ZN136_HUMAN.H11MO.0.C		HUMAN:ZNF136	24	C	More than 3 adjacent zinc finger factors{2.3.3}	7695	ZN136_HUMAN
ZN140_HUMAN.H11MO.0.C		HUMAN:ZNF140	24	C	More than 3 adjacent zinc finger factors{2.3.3}	7699	ZN140_HUMAN
ZN143_HUMAN.H11MO.0.A		HUMAN:ZNF143	22	A	More than 3 adjacent zinc finger factors{2.3.3}	7702	ZN143_HUMAN
ZN214_HUMAN.H11MO.0.C		HUMAN:ZNF214	22	C	More than 3 adjacent zinc finger factors{2.3.3}	7761	ZN214_HUMAN
ZN250_HUMAN.H11MO.0.C		HUMAN:ZNF250	20	C	More than 3 adjacent zinc finger factors{2.3.3}	58500	ZN250_HUMAN
ZN257_HUMAN.H11MO.0.C		HUMAN:ZNF257	12	C	More than 3 adjacent zinc finger factors{2.3.3}	113835	ZN257_HUMAN
ZN260_HUMAN.H11MO.0.C		HUMAN:ZNF260	24	C	More than 3 adjacent zinc finger factors{2.3.3}	339324	ZN260_HUMAN
ZN263_HUMAN.H11MO.0.A		HUMAN:ZNF263	20	A	More than 3 adjacent zinc finger factors{2.3.3}	10127	ZN263_HUMAN
ZN264_HUMAN.H11MO.0.C		HUMAN:ZNF264	24	C	More than 3 adjacent zinc finger factors{2.3.3}	9422	ZN264_HUMAN
ZN274_HUMAN.H11MO.0.A		HUMAN:ZNF274	20	A	More than 3 adjacent zinc finger factors{2.3.3}	10782	ZN274_HUMAN
ZN281_HUMAN.H11MO.0.A		HUMAN:ZNF281	15	A	More than 3 adjacent zinc finger factors{2.3.3}	23528	ZN281_HUMAN
ZN317_HUMAN.H11MO.0.C		HUMAN:ZNF317	20	C	More than 3 adjacent zinc finger factors{2.3.3}	57693	ZN317_HUMAN
ZN320_HUMAN.H11MO.0.C		HUMAN:ZNF320	20	C	More than 3 adjacent zinc finger factors{2.3.3}	162967	ZN320_HUMAN
ZN322_HUMAN.H11MO.0.B		HUMAN:ZNF322	20	B	More than 3 adjacent zinc finger factors{2.3.3}	79692	ZN322_HUMAN
ZN329_HUMAN.H11MO.0.C		HUMAN:ZNF329	20	C	More than 3 adjacent zinc finger factors{2.3.3}	79673	ZN329_HUMAN
ZN331_HUMAN.H11MO.0.C		HUMAN:ZNF331	20	C	More than 3 adjacent zinc finger factors{2.3.3}	55422	ZN331_HUMAN
ZN335_HUMAN.H11MO.0.A		HUMAN:ZNF335	22	A	Factors with multiple dispersed zinc fingers{2.3.4}	63925	ZN335_HUMAN
ZN341_HUMAN.H11MO.0.C		HUMAN:ZNF341	22	C	Factors with multiple dispersed zinc fingers{2.3.4}	84905	ZN341_HUMAN
ZN350_HUMAN.H11MO.0.C		HUMAN:ZNF350	18	C	More than 3 adjacent zinc finger factors{2.3.3}	59348	ZN350_HUMAN
ZN382_HUMAN.H11MO.0.C		HUMAN:ZNF382	22	C	Factors with multiple dispersed zinc fingers{2.3.4}	84911	ZN382_HUMAN
ZN384_HUMAN.H11MO.0.C		HUMAN:ZNF384	12	C	More than 3 adjacent zinc finger factors{2.3.3}	171017	ZN384_HUMAN
ZN394_HUMAN.H11MO.0.C		HUMAN:ZNF394	20	C	More than 3 adjacent zinc finger factors{2.3.3}	84124	ZN394_HUMAN
ZN418_HUMAN.H11MO.0.C		HUMAN:ZNF418	17	C	Factors with multiple dispersed zinc fingers{2.3.4}	147686	ZN418_HUMAN
ZN436_HUMAN.H11MO.0.C		HUMAN:ZNF436	24	C	More than 3 adjacent zinc finger factors{2.3.3}	80818	ZN436_HUMAN
ZN449_HUMAN.H11MO.0.C		HUMAN:ZNF449	11	C	More than 3 adjacent zinc finger factors{2.3.3}	203523	ZN449_HUMAN
ZN467_HUMAN.H11MO.0.C		HUMAN:ZNF467	22	C	Factors with multiple dispersed zinc fingers{2.3.4}	168544	ZN467_HUMAN
ZN490_HUMAN.H11MO.0.C		HUMAN:ZNF490	24	C	More than 3 adjacent zinc finger factors{2.3.3}	57474	ZN490_HUMAN
ZN502_HUMAN.H11MO.0.C		HUMAN:ZNF502	20	C	More than 3 adjacent zinc finger factors{2.3.3}	91392	ZN502_HUMAN
ZN528_HUMAN.H11MO.0.C		HUMAN:ZNF528	20	C	More than 3 adjacent zinc finger factors{2.3.3}	84436	ZN528_HUMAN
ZN547_HUMAN.H11MO.0.C		HUMAN:ZNF547	20	C	More than 3 adjacent zinc finger factors{2.3.3}	284306	ZN547_HUMAN
ZN549_HUMAN.H11MO.0.C		HUMAN:ZNF549	20	C	More than 3 adjacent zinc finger factors{2.3.3}	256051	ZN549_HUMAN
ZN554_HUMAN.H11MO.0.C		HUMAN:ZNF554	20	C	More than 3 adjacent zinc finger factors{2.3.3}	115196	ZN554_HUMAN
ZN563_HUMAN.H11MO.0.C		HUMAN:ZNF563	21	C	More than 3 adjacent zinc finger factors{2.3.3}	147837	ZN563_HUMAN
ZN582_HUMAN.H11MO.0.C		HUMAN:ZNF582	24	C	More than 3 adjacent zinc finger factors{2.3.3}	147948	ZN582_HUMAN
ZN586_HUMAN.H11MO.0.C		HUMAN:ZNF586	20	C	More than 3 adjacent zinc finger factors{2.3.3}	54807	ZN586_HUMAN
ZN667_HUMAN.H11MO.0.C		HUMAN:ZNF667	19	C	More than 3 adjacent zinc finger factors{2.3.3}	63934	ZN667_HUMAN
ZN680_HUMAN.H11MO.0.C		HUMAN:ZNF680	20	C	More than 3 adjacent zinc finger factors{2.3.3}	340252	ZN680_HUMAN
ZN708_HUMAN.H11MO.0.C		HUMAN:ZNF708	20	C	More than 3 adjacent zinc finger factors{2.3.3}	7562	ZN708_HUMAN
ZN768_HUMAN.H11MO.0.C		HUMAN:ZNF768	20	C	More than 3 adjacent zinc finger factors{2.3.3}	79724	ZN768_HUMAN
ZN770_HUMAN.H11MO.0.C		HUMAN:ZNF770	22	C	Factors with multiple dispersed zinc fingers{2.3.4}	54989	ZN770_HUMAN
ZN816_HUMAN.H11MO.0.C		HUMAN:ZNF816	21	C	More than 3 adjacent zinc finger factors{2.3.3}	125893	ZN816_HUMAN
ZNF18_HUMAN.H11MO.0.C		HUMAN:ZNF18	12	C	More than 3 adjacent zinc finger factors{2.3.3}	7566	ZNF18_HUMAN
ZNF41_HUMAN.H11MO.0.C		HUMAN:ZNF41	24	C	More than 3 adjacent zinc finger factors{2.3.3}	7592	ZNF41_HUMAN
ZNF76_HUMAN.H11MO.0.C		HUMAN:ZNF76	22	C	More than 3 adjacent zinc finger factors{2.3.3}	7629	ZNF76_HUMAN
ZNF85_HUMAN.H11MO.0.C		HUMAN:ZNF85	20	C	More than 3 adjacent zinc finger factors{2.3.3}	7639	ZNF85_HUMAN
ZNF8_HUMAN.H11MO.0.C		HUMAN:ZNF8	22	C	Factors with multiple dispersed zinc fingers{2.3.4}	7554	ZNF8_HUMAN
ZSC22_HUMAN.H11MO.0.C		HUMAN:ZSCAN22	16	C	More than 3 adjacent zinc finger factors{2.3.3}	342945	ZSC22_HUMAN
ZSC31_HUMAN.H11MO.0.C		HUMAN:ZSCAN31	18	C	More than 3 adjacent zinc finger factors{2.3.3}	64288	ZSC31_HUMAN